id;number_ticket;number_one;number_two
1;782J;6666;7004
2;706A;0000;5620
3;601N;1662;7072
4;486N;6661;7034
5;049M;0002;5601
6;279H;1665;7050
7;029A;6669;7043
8;322Z;0008;5661
9;940R;1661;7042
10;621Z;6665;7064
11;453Q;0006;5200
12;337V;1620;7020
13;006G;6627;7029
14;221I;0001;5230
15;510F;1622;7009
16;976U;6625;7059
17;641S;0009;5241
18;984W;1628;7069
19;077A;6624;7013
20;287N;0005;5260
21;726N;1626;7762
22;857H;6622;7724
23;141Q;0072;5226
24;475H;1621;7710
25;488W;6620;7703
26;198L;0075;5256
27;659Q;1629;7792
28;463K;6626;7763
29;114S;0071;5211
30;708E;1625;7759
31;032Z;6610;7304
32;483F;0030;5106
33;898M;1617;7372
34;699A;6613;7334
35;564D;0032;5121
36;564A;1615;7350
37;505N;6614;7343
38;239Y;0038;5181
39;770S;1614;7342
40;993M;6616;7364
41;628P;0021;5016
42;521H;1609;7290
43;858S;6604;7244
44;304M;0028;5080
45;758L;1608;7282
46;039P;6607;7274
47;686C;0023;5031
48;082N;1607;7279
49;865N;6603;7239
50;430L;0029;5091
51;544Q;1656;7500
52;369U;6652;7509
53;400W;0057;5526
54;577V;1651;7530
55;314R;6650;7523
56;049K;0055;5556
57;117L;1659;7549
58;728H;6656;7583
59;852O;0054;5511
60;557H;1655;7560
61;424A;6696;7419
62;790K;0049;5920
63;540R;1692;7440
64;071K;6691;7484
65;695R;0048;5901
66;927Z;1695;7470
67;255Q;6699;7433
68;167J;0047;5961
69;077N;1691;7432
70;896D;6695;7493
71;059F;0081;5616
72;889K;1669;7890
73;310Y;6664;7844
74;150M;0088;5680
75;160Q;1668;7882
76;243U;6667;7874
77;259F;0083;5631
78;083Y;1667;7879
79;462A;6663;7839
80;092U;0089;5691
81;892M;1611;7462
82;634R;6619;7424
83;584A;0042;5140
84;539D;1618;7410
85;469W;6618;7403
86;946H;0045;5170
87;739S;1613;7492
88;331M;6617;7463
89;347Z;0041;5136
90;419U;1619;7459
91;852F;6651;7604
92;235A;0060;5590
93;228T;1654;7672
94;983M;6658;7634
95;966C;0062;5586
96;673Q;1657;7650
97;559L;6653;7643
98;181O;0068;5571
99;427W;1653;7642
100;061Z;6659;7664
101;351Z;0066;9666
102;105R;1200;3120
103;712U;6207;3129
104;096V;0061;9610
105;067D;1202;3109
106;840F;6205;3159
107;434H;0069;9696
108;826C;1208;3169
109;947I;6204;3113
110;971A;0065;9651
111;751E;1206;3900
112;427V;6202;3909
113;409H;0027;9276
114;326R;1201;3930
115;789F;6200;3923
116;782H;0025;9250
117;063W;1209;3949
118;297M;6206;3983
119;798V;0024;9246
120;761T;1205;3960
121;691W;6276;3404
122;712N;0022;9220
123;212N;1272;3472
124;610Y;6271;3434
125;707T;0020;9201
126;592T;1275;3450
127;968V;6279;3443
128;600T;0026;9261
129;917S;1271;3442
130;905Z;6275;3464
131;769X;0010;9100
132;443U;1230;3802
133;819I;6237;3879
134;630O;0013;9130
135;655W;1232;3829
136;027Q;6235;3854
137;733R;0014;9141
138;219B;1238;3889
139;906I;6234;3849
140;638I;0016;9160
141;151Y;1221;3862
142;755Z;6229;3824
143;886P;0004;9040
144;009D;1228;3810
145;552V;6228;3803
146;797W;0007;9070
147;061I;1223;3892
148;851A;6227;3863
149;250T;0003;9036
150;428Q;1229;3859
151;951L;6250;3704
152;792V;0052;9520
153;703K;1257;3772
154;847V;6253;3734
155;456L;0050;9501
156;338G;1255;3750
157;717J;6254;3743
158;253O;0056;9561
159;018J;1254;3742
160;200M;6256;3764
161;049G;0096;9966
162;416T;1249;3390
163;746E;6244;3344
164;043N;0091;9910
165;189N;1248;3382
166;689D;6247;3374
167;244A;0099;9996
168;804J;1247;3379
169;528M;6243;3339
170;932T;0095;9951
171;569Z;1281;3712
172;390J;6289;3794
173;566N;0064;9640
174;941O;1288;3780
175;576V;6288;3789
176;565L;0067;9670
177;633Y;1283;3739
178;007B;6287;3773
179;529H;0063;9636
180;614V;1289;3799
181;157Y;6246;3369
182;216I;0019;9190
183;504X;1242;3322
184;861T;6241;3314
185;440G;0018;9186
186;230Q;1245;3352
187;898Y;6249;3399
188;960P;0017;9171
189;974Y;1241;3319
190;502B;6245;3353
191;403F;0051;9516
192;677U;1260;3990
193;601T;6267;3944
194;700C;0058;9580
195;651Z;1262;3982
196;022J;6265;3974
197;207G;0053;9531
198;682W;1268;3979
199;758Z;6264;3939
200;427U;0059;9591
201;952G;1266;7162
202;189A;6262;7124
203;872Q;0762;6126
204;467B;1261;7110
205;074X;6260;7103
206;464B;0765;6156
207;241V;1269;7192
208;937W;6266;7163
209;454R;0761;6111
210;474G;1265;7159
211;599A;6220;7904
212;489Q;0720;6906
213;356H;1227;7972
214;036S;6223;7934
215;834Y;0722;6921
216;056R;1225;7950
217;777K;6224;7943
218;421I;0728;6981
219;572W;1224;7942
220;164V;6226;7964
221;207N;0726;6400
222;201U;1222;7402
223;482H;6222;7479
224;661Y;0721;6430
225;389S;1220;7429
226;612U;6225;7454
227;440V;0729;6441
228;671P;1226;7489
229;453C;6221;7449
230;633J;0725;6460
231;450A;1210;7800
232;860N;6210;7809
233;624X;0717;6876
234;927B;1213;7830
235;929Y;6212;7823
236;969I;0715;6850
237;068J;1214;7849
238;125W;6218;7883
239;066V;0714;6846
240;991K;1216;7860
241;055G;6201;7869
242;065U;0709;6820
243;399T;1204;7822
244;716A;6208;7814
245;118P;0708;6801
246;048D;1207;7852
247;631T;6203;7899
248;464F;0707;6861
249;703V;1203;7819
250;664I;6209;7853
251;911G;0756;6700
252;486F;1252;7702
253;635X;6252;7779
254;471V;0751;6730
255;092D;1250;7729
256;085D;6255;7754
257;243W;0759;6741
258;745E;1256;7789
259;109Z;6251;7749
260;877N;0755;6760
261;108U;1296;7312
262;901U;6292;7394
263;203H;0792;6340
264;540S;1291;7380
265;895F;6290;7389
266;681K;0795;6370
267;675S;1299;7339
268;488M;6296;7373
269;740Z;0791;6336
270;930L;1295;7399
271;152F;6261;7719
272;594O;0769;6790
273;990L;1264;7740
274;980U;6268;7784
275;106J;0768;6786
276;199C;1267;7770
277;401M;6263;7733
278;673F;0767;6771
279;134I;1263;7732
280;810J;6269;7793
281;274M;0711;6366
282;185J;1219;7320
283;588F;6214;7329
284;552N;0718;6310
285;879U;1218;7309
286;265N;6217;7359
287;207W;0713;6396
288;203A;1217;7369
289;217V;6213;7313
290;660W;0719;6351
291;167O;1251;7912
292;456A;6259;7994
293;775V;0754;6940
294;380H;1258;7980
295;968O;6258;7989
296;213Y;0757;6970
297;683L;1253;7939
298;477Q;6257;7973
299;031X;0753;6936
300;848A;1259;7999
301;977B;6100;3669
302;833K;0300;1120
303;932Y;1107;3622
304;095W;6103;3614
305;434W;0302;1101
306;253T;1105;3652
307;530G;6104;3699
308;023J;0308;1161
309;354P;1104;3619
310;523A;6106;3653
311;746U;0306;1900
312;582U;1102;3202
313;975I;6102;3279
314;504U;0301;1930
315;351I;1100;3229
316;033L;6105;3254
317;538H;0309;1941
318;141Z;1106;3289
319;989Y;6101;3249
320;960I;0305;1960
321;803Z;1176;3262
322;180H;6172;3224
323;816W;0372;1476
324;288U;1171;3210
325;111U;6170;3203
326;591U;0375;1450
327;640B;1179;3292
328;996N;6176;3263
329;053U;0371;1446
330;219A;1175;3259
331;881M;6130;3104
332;858M;0330;1806
333;878A;1137;3172
334;174O;6133;3134
335;178N;0332;1821
336;760H;1135;3150
337;644P;6134;3143
338;975O;0338;1881
339;379B;1134;3142
340;079D;6136;3164
341;719D;0321;1866
342;843F;1129;3090
343;057I;6124;3044
344;243T;0328;1810
345;391F;1128;3082
346;998K;6127;3074
347;881I;0323;1896
348;024C;1127;3079
349;630Y;6123;3039
350;735L;0329;1851
351;819C;1150;3562
352;514S;6150;3524
353;428U;0357;1776
354;537I;1153;3510
355;715B;6152;3503
356;589J;0355;1750
357;395W;1154;3592
358;317A;6158;3563
359;693K;0354;1746
360;781N;1156;3559
361;278B;6141;3969
362;875L;0349;1390
363;487S;1144;3922
364;451K;6148;3914
365;809T;0348;1386
366;943K;1147;3952
367;589M;6143;3999
368;562K;0347;1371
369;894U;1143;3919
370;841Y;6149;3953
371;820F;0381;1716
372;447D;1189;3690
373;851Q;6184;3644
374;372L;0388;1780
375;869H;1188;3682
376;246C;6187;3674
377;783O;0383;1731
378;005S;1187;3679
379;602G;6183;3639
380;236G;0389;1791
381;440U;1146;3112
382;841R;6142;3194
383;353B;0342;1326
384;417Z;1141;3180
385;980S;6140;3189
386;040E;0345;1356
387;060R;1149;3139
388;094M;6146;3173
389;786M;0341;1311
390;334F;1145;3199
391;929E;6160;3519
392;587H;0360;1990
393;911S;1167;3540
394;979S;6163;3584
395;482T;0362;1986
396;402C;1165;3570
397;497P;6164;3533
398;563E;0368;1971
399;518N;1164;3532
400;270I;6166;3593
401;820G;0216;5166
402;006E;1012;9120
403;750I;6012;9129
404;617S;0211;5110
405;579P;1010;9109
406;739L;6015;9159
407;657E;0219;5196
408;215V;1016;9169
409;056E;6011;9113
410;584F;0215;5151
411;569E;1090;9900
412;609D;6090;9909
413;770J;0297;5976
414;477V;1093;9930
415;933J;6092;9923
416;625D;0295;5950
417;269P;1094;9949
418;294W;6098;9983
419;184K;0294;5946
420;713P;1096;9960
421;183L;6040;9404
422;699P;0240;5406
423;308L;1047;9472
424;913C;6043;9434
425;040L;0242;5421
426;208C;1045;9450
427;748V;6044;9443
428;007O;0248;5481
429;174Y;1044;9442
430;470N;6046;9464
431;492V;0280;5800
432;237G;1080;9802
433;634V;6087;9879
434;519P;0283;5830
435;734U;1082;9829
436;875B;6085;9854
437;301T;0284;5841
438;257Q;1088;9889
439;373V;6084;9849
440;987I;0286;5860
441;855J;1086;9862
442;482X;6082;9824
443;583Q;0282;5826
444;181J;1081;9810
445;798S;6080;9803
446;894Q;0285;5856
447;125J;1089;9892
448;120A;6086;9863
449;299R;0281;5811
450;140J;1085;9859
451;461N;6070;9704
452;686X;0270;5706
453;781Z;1077;9772
454;908X;6073;9734
455;529G;0272;5721
456;076A;1075;9750
457;171Z;6074;9743
458;713W;0278;5781
459;467L;1074;9742
460;225I;6076;9764
461;578V;0231;5316
462;700F;1039;9390
463;213E;6034;9344
464;751B;0238;5380
465;226G;1038;9382
466;068B;6037;9374
467;124H;0233;5331
468;603K;1037;9379
469;979O;6033;9339
470;354G;0239;5391
471;883I;1071;9712
472;088W;6079;9794
473;865T;0274;5740
474;628L;1078;9780
475;813I;6078;9789
476;116O;0277;5770
477;654Q;1073;9739
478;567H;6077;9773
479;535Y;0273;5736
480;589C;1079;9799
481;101Q;6036;9369
482;047J;0232;5320
483;898B;1032;9322
484;522R;6031;9314
485;656M;0230;5301
486;235X;1035;9352
487;277N;6039;9399
488;348W;0236;5361
489;941R;1031;9319
490;303V;6035;9353
491;909Z;0291;5916
492;066J;1099;9990
493;060C;6094;9944
494;856Z;0298;5980
495;302E;1098;9982
496;134Z;6097;9974
497;153D;0293;5931
498;717M;1097;9979
499;135M;6093;9939
500;331N;0299;5991
501;093K;1566;7000
502;994D;6562;5626
503;267H;0507;5622
504;128B;1561;7030
505;159L;6560;5609
506;323F;0505;5652
507;906L;1569;7041
508;175T;6566;5669
509;025T;0504;5614
510;918S;1565;7060
511;996Q;6520;5206
512;796W;0502;5202
513;488U;1527;7026
514;665Z;6523;5236
515;269M;0500;5224
516;493G;1525;7056
517;143V;6524;5249
518;338J;0506;5284
519;345U;1524;7011
520;349O;6526;5266
521;331P;0576;5262
522;295H;1522;7720
523;773Y;6522;5225
524;948D;0571;5217
525;640R;1520;7701
526;015Q;6525;5255
527;872R;0579;5292
528;612I;1526;7761
529;268F;6521;5219
530;561U;0575;5254
531;221V;1510;7300
532;813F;6510;5105
533;600A;0537;5172
534;204R;1513;7330
535;107E;6512;5129
536;226B;0535;5157
537;942S;1514;7341
538;223I;6518;5189
539;065E;0534;5142
540;472H;1516;7360
541;589E;6501;5015
542;511E;0529;5097
543;086J;1504;7240
544;584Q;6508;5086
545;400X;0528;5082
546;913O;1507;7270
547;435T;6503;5039
548;976Q;0527;5074
549;261W;1503;7236
550;175E;6509;5099
551;077Z;0550;5562
552;413P;1552;7506
553;992P;6552;5525
554;067W;0553;5517
555;336U;1550;7521
556;697D;6555;5555
557;659B;0554;5592
558;896Y;1556;7581
559;494A;6551;5519
560;565K;0556;5554
561;700E;1596;7416
562;876T;6592;5926
563;225S;0544;5922
564;645X;1591;7480
565;282Z;6590;5909
566;606W;0547;5952
567;834B;1599;7431
568;131K;6596;5969
569;444H;0543;5914
570;176P;1595;7491
571;697I;6561;5615
572;477H;0589;5697
573;582M;1564;7840
574;878H;6568;5686
575;465O;0588;5682
576;599Z;1567;7870
577;371R;6563;5639
578;954C;0587;5674
579;822I;1563;7836
580;100W;6569;5699
581;530I;0546;5112
582;576C;1519;7420
583;448G;6514;5146
584;749R;0541;5187
585;844U;1518;7401
586;699Z;6517;5176
587;825M;0549;5134
588;527G;1517;7461
589;389I;6513;5135
590;451S;0545;5194
591;390V;1551;7600
592;230X;6559;5596
593;198J;0567;5547
594;891C;1558;7630
595;341D;6558;5585
596;010M;0565;5577
597;471J;1553;7641
598;728K;6557;5579
599;072P;0564;5532
600;341P;1559;7660
601;018U;6966;9665
602;357N;0412;9627
603;155E;1962;3126
604;509J;6961;9616
605;713Y;0410;9604
606;238J;1965;3156
607;702I;6969;9695
608;235W;0416;9664
609;167U;1961;3111
610;517K;6965;9659
611;972D;0490;9207
612;646F;1920;3906
613;476G;6927;9275
614;660U;0493;9237
615;582Q;1922;3921
616;745J;6925;9256
617;200P;0494;9244
618;240X;1928;3981
619;758P;6924;9245
620;970W;0496;9267
621;186X;1926;3400
622;300E;6922;9226
623;347C;0447;9222
624;229K;1921;3430
625;281C;6920;9209
626;170U;0445;9252
627;828G;1929;3441
628;527X;6926;9269
629;044X;0444;9214
630;732G;1925;3460
631;129O;6910;9106
632;386Z;0480;9102
633;160F;1917;3876
634;139F;6913;9136
635;819N;0482;9124
636;481C;1915;3850
637;721Q;6914;9149
638;961D;0488;9184
639;664Z;1914;3846
640;119L;6916;9166
641;222K;0486;9012
642;040T;1909;3820
643;784Z;6904;9046
644;936O;0481;9087
645;717S;1908;3801
646;885I;6907;9076
647;268H;0489;9034
648;582W;1907;3861
649;274P;6903;9035
650;126D;0485;9094
651;150F;1956;3700
652;089G;6952;9526
653;256S;0477;9522
654;655Q;1951;3730
655;082E;6950;9509
656;985M;0475;9552
657;911Y;1959;3741
658;106X;6956;9569
659;763W;0474;9514
660;499G;1955;3760
661;139W;6996;9965
662;013D;0439;9927
663;529O;1992;3340
664;698A;6991;9916
665;456S;0438;9904
666;044F;1995;3370
667;365G;6999;9995
668;854K;0437;9964
669;770Z;1991;3336
670;820U;6995;9959
671;565B;0471;9612
672;448J;1969;3790
673;203I;6964;9646
674;394L;0478;9687
675;995K;1968;3786
676;152M;6967;9676
677;140L;0473;9634
678;852G;1967;3771
679;726V;6963;9635
680;564C;0479;9694
681;921W;1911;3366
682;002R;6919;9196
683;318H;0432;9147
684;570T;1918;3310
685;333P;6918;9185
686;969F;0435;9177
687;004S;1913;3396
688;532H;6917;9179
689;347I;0431;9132
690;144M;1919;3351
691;467O;6951;9515
692;478Z;0499;9597
693;232G;1954;3940
694;452T;6958;9586
695;009C;0498;9582
696;702N;1957;3970
697;620G;6953;9539
698;638J;0497;9574
699;838N;1953;3936
700;093S;6959;9599
701;658Y;0816;6162
702;156Z;1612;7120
703;518X;6612;6125
704;653J;0811;6117
705;919S;1610;7101
706;516C;6615;6155
707;063S;0819;6192
708;399F;1616;7161
709;530Q;6611;6119
710;327Q;0815;6154
711;436G;1690;7900
712;558A;6690;6905
713;207K;0897;6972
714;320G;1693;7930
715;564N;6692;6929
716;766J;0895;6957
717;558Q;1694;7941
718;193N;6698;6989
719;958M;0894;6942
720;205F;1696;7960
721;121W;6640;6406
722;237X;0840;6402
723;729I;1647;7476
724;017I;6643;6436
725;773L;0842;6424
726;401I;1645;7450
727;339S;6644;6449
728;336O;0848;6484
729;529C;1644;7446
730;126M;6646;6466
731;172N;0880;6807
732;742Z;1680;7806
733;985E;6687;6875
734;635Z;0883;6837
735;728W;1682;7821
736;138U;6685;6856
737;272F;0884;6844
738;222V;1688;7881
739;367F;6684;6845
740;640O;0886;6867
741;555P;1686;7866
742;105O;6682;6826
743;417D;0882;6822
744;077K;1681;7810
745;511X;6680;6809
746;744Q;0885;6852
747;106Y;1689;7896
748;961L;6686;6869
749;895X;0881;6814
750;276S;1685;7851
751;075N;6670;6706
752;824G;0870;6702
753;762O;1677;7776
754;252T;6673;6736
755;519L;0872;6724
756;576X;1675;7750
757;509V;6674;6749
758;859L;0878;6784
759;387N;1674;7746
760;753I;6676;6766
761;753G;0831;6312
762;405H;1639;7390
763;249J;6634;6346
764;961Y;0838;6387
765;155W;1638;7386
766;139H;6637;6376
767;295X;0833;6334
768;502Z;1637;7371
769;080S;6633;6335
770;795O;0839;6394
771;441F;1671;7716
772;348C;6679;6796
773;871M;0874;6747
774;814F;1678;7780
775;821X;6678;6785
776;596B;0877;6777
777;313Y;1673;7731
778;027E;6677;6779
779;367E;0873;6732
780;260B;1679;7791
781;421W;6636;6365
782;335E;0832;6327
783;481V;1632;7326
784;504D;6631;6316
785;009X;0830;6304
786;306L;1635;7356
787;390K;6639;6395
788;273J;0836;6364
789;859P;1631;7311
790;842K;6635;6359
791;459O;0891;6912
792;495O;1699;7990
793;085H;6694;6946
794;455R;0898;6987
795;293P;1698;7986
796;692Q;6697;6976
797;168Q;0893;6934
798;686T;1697;7971
799;347M;6693;6935
800;016V;0899;6994
801;404C;1116;3666
802;395Z;6112;1126
803;403J;0462;1122
804;833U;1111;3610
805;096I;6110;1109
806;084I;0465;1152
807;391V;1119;3696
808;820H;6116;1169
809;598T;0461;1114
810;439M;1115;3651
811;795J;6190;1906
812;045Q;0420;1902
813;585R;1197;3276
814;421O;6193;1936
815;649X;0422;1924
816;288P;1195;3250
817;655A;6194;1949
818;879X;0428;1984
819;622K;1194;3246
820;154O;6196;1966
821;494F;0426;1407
822;876W;1140;3220
823;696A;6147;1475
824;382R;0421;1437
825;343I;1142;3201
826;708P;6145;1456
827;959K;0429;1444
828;796K;1148;3261
829;260L;6144;1445
830;345R;0425;1467
831;895S;1180;3100
832;232S;6180;1805
833;301P;0417;1872
834;788S;1183;3130
835;997B;6182;1829
836;615G;0415;1857
837;217E;1184;3141
838;619S;6188;1889
839;881O;0414;1842
840;468W;1186;3160
841;400P;6186;1865
842;055A;0409;1827
843;505S;1182;3040
844;409K;6181;1816
845;682T;0408;1804
846;992M;1185;3070
847;464J;6189;1895
848;035E;0407;1864
849;520T;1181;3036
850;739N;6185;1859
851;343E;0456;1707
852;461W;1170;3520
853;775H;6177;1775
854;757P;0451;1737
855;722T;1172;3501
856;670Q;6175;1756
857;954A;0459;1744
858;159F;1178;3561
859;327W;6174;1745
860;635F;0455;1767
861;976S;1131;3966
862;059S;6139;1396
863;292U;0492;1347
864;447B;1138;3910
865;769M;6138;1385
866;529V;0495;1377
867;248Y;1133;3996
868;938O;6137;1379
869;276R;0491;1332
870;242G;1139;3951
871;305A;6171;1715
872;621M;0469;1797
873;102G;1174;3640
874;645Z;6178;1786
875;615S;0468;1782
876;199G;1177;3670
877;271O;6173;1739
878;349Q;0467;1774
879;315T;1173;3636
880;486A;6179;1799
881;092Z;0411;1362
882;735U;1132;3190
883;446C;6132;1325
884;532Y;0418;1317
885;913P;1130;3186
886;314L;6135;1355
887;447J;0413;1392
888;326F;1136;3171
889;280Z;6131;1319
890;698F;0419;1354
891;172V;1191;3516
892;646P;6199;1996
893;171H;0454;1947
894;795P;1198;3580
895;326K;6198;1985
896;752X;0457;1977
897;398A;1193;3531
898;370A;6197;1979
899;383K;0453;1932
900;035W;1199;3591
901;455I;6516;5165
902;706S;0600;5127
903;017O;1512;9126
904;507U;6511;5116
905;011B;0602;5104
906;205U;1515;9156
907;682V;6519;5195
908;255T;0608;5164
909;618S;1511;9111
910;020T;6515;5159
911;411U;0606;5907
912;692E;1590;9906
913;542S;6597;5975
914;972P;0601;5937
915;238S;1592;9921
916;674F;6595;5956
917;868C;0609;5944
918;379X;1598;9981
919;708S;6594;5945
920;216F;0605;5967
921;591E;1540;9400
922;827H;6540;5405
923;983G;0672;5472
924;337X;1543;9430
925;007F;6542;5429
926;450V;0675;5457
927;503A;1544;9441
928;080U;6548;5489
929;022C;0671;5442
930;475Q;1546;9460
931;230D;6580;5806
932;013I;0630;5802
933;497K;1587;9876
934;175S;6583;5836
935;729N;0632;5824
936;189I;1585;9850
937;911Q;6584;5849
938;396B;0638;5884
939;292R;1584;9846
940;809F;6586;5866
941;331W;0621;5862
942;888L;1582;9820
943;747I;6582;5825
944;227K;0628;5817
945;614R;1580;9801
946;860G;6585;5855
947;857O;0623;5892
948;119A;1586;9861
949;779G;6581;5819
950;370W;0629;5854
951;352W;1570;9700
952;944T;6570;5705
953;839L;0657;5772
954;799M;1573;9730
955;335M;6572;5729
956;665M;0655;5757
957;647I;1574;9741
958;759Z;6578;5789
959;845L;0654;5742
960;931E;1576;9760
961;336C;6531;5315
962;316V;0649;5397
963;794N;1534;9340
964;025Y;6538;5386
965;566D;0648;5382
966;304R;1537;9370
967;318E;6533;5339
968;291T;0647;5374
969;774S;1533;9336
970;463R;6539;5399
971;401O;0681;5712
972;097O;1579;9790
973;326I;6574;5746
974;784H;0688;5787
975;527K;1578;9786
976;790F;6577;5776
977;420K;0683;5734
978;990H;1577;9771
979;172Q;6573;5735
980;664Q;0689;5794
981;510Q;1536;9366
982;727L;6532;5326
983;325N;0642;5322
984;171S;1531;9310
985;867W;6530;5309
986;655Z;0645;5352
987;365P;1539;9396
988;329W;6536;5369
989;346F;0641;5314
990;776I;1535;9351
991;254A;6591;5915
992;934Z;0660;5997
993;137Q;1594;9940
994;983L;6598;5986
995;326X;0662;5982
996;453S;1597;9970
997;447Z;6593;5939
998;783Q;0668;5974
999;287J;1593;9936
1000;104T;6599;5999
1001;154A;0666;5660
1002;658D;9000;7002
1003;448Z;2007;7076
1004;906X;0661;5612
1005;150R;9002;7024
1006;265S;2005;7058
1007;508P;0669;5690
1008;593D;9008;7084
1009;004C;2004;7046
1010;445C;0665;5658
1011;442C;9006;7062
1012;597G;2002;7028
1013;888S;0627;5270
1014;484E;9001;7017
1015;011G;2000;7007
1016;875Q;0625;5252
1017;319C;9009;7092
1018;649Y;2006;7067
1019;445M;0624;5240
1020;610J;9005;7054
1021;336Y;2076;7766
1022;028F;0622;5222
1023;828X;9072;7722
1024;004H;2071;7718
1025;610C;0620;5208
1026;626V;9075;7752
1027;686O;2079;7796
1028;886S;0626;5268
1029;503R;9071;7714
1030;896C;2075;7757
1031;397P;0610;5102
1032;282C;9030;7302
1033;233H;2037;7376
1034;320Q;0613;5132
1035;242X;9032;7324
1036;226U;2035;7358
1037;229A;0614;5148
1038;928D;9038;7384
1039;373O;2034;7346
1040;941M;0616;5162
1041;990M;9021;7212
1042;704D;2029;7298
1043;181P;0604;5042
1044;105D;9028;7287
1045;573L;2028;7286
1046;559V;0607;5072
1047;816J;9023;7234
1048;761H;2027;7277
1049;632Z;0603;5030
1050;030V;9029;7294
1051;274L;2050;7508
1052;306U;0652;5522
1053;370Q;9057;7572
1054;666C;2053;7538
1055;632I;0650;5508
1056;087N;9055;7557
1057;708K;2054;7547
1058;866A;0656;5568
1059;866C;9054;7542
1060;519Z;2056;7568
1061;853Q;0696;5960
1062;972G;9049;7497
1063;538P;2044;7448
1064;962I;0691;5912
1065;287E;9048;7482
1066;548T;2047;7478
1067;085K;0699;5990
1068;290M;9047;7474
1069;418S;2043;7436
1070;117X;0695;5958
1071;302J;9081;7812
1072;950K;2089;7898
1073;470M;0664;5642
1074;324Q;9088;7887
1075;615O;2088;7886
1076;847I;0667;5672
1077;601J;9083;7834
1078;250B;2087;7877
1079;172H;0663;5630
1080;944Z;9089;7894
1081;965O;2046;7466
1082;641E;0619;5192
1083;653M;9042;7422
1084;179F;2041;7418
1085;050H;0618;5180
1086;033F;9045;7452
1087;767C;2049;7496
1088;512C;0617;5178
1089;272L;9041;7414
1090;923T;2045;7457
1091;919P;0651;5510
1092;560T;9060;7602
1093;408H;2067;7676
1094;625Z;0658;5582
1095;270E;9062;7624
1096;004N;2065;7658
1097;284C;0653;5538
1098;065B;9068;7684
1099;569C;2064;7646
1100;350A;0659;5598
1101;947O;9066;3162
1102;835G;2062;3128
1103;073V;0207;9620
1104;441P;9061;3117
1105;049F;2060;3107
1106;650T;0205;9650
1107;979H;9069;3192
1108;910A;2066;3167
1109;534X;0204;9618
1110;643M;9065;3154
1111;732K;2020;3908
1112;165P;0202;9200
1113;044A;9027;3972
1114;849A;2023;3938
1115;095M;0200;9228
1116;277V;9025;3957
1117;182S;2024;3947
1118;115R;0206;9288
1119;718Q;9024;3942
1120;323R;2026;3968
1121;453O;0276;9260
1122;485E;9022;3402
1123;221O;2022;3476
1124;120V;0271;9212
1125;242I;9020;3424
1126;356Q;2025;3458
1127;662U;0279;9290
1128;117P;9026;3484
1129;741K;2021;3446
1130;549V;0275;9258
1131;408J;9010;3807
1132;091U;2010;3806
1133;220W;0237;9170
1134;181V;9013;3837
1135;908L;2012;3827
1136;962Q;0235;9152
1137;089L;9014;3844
1138;045K;2018;3887
1139;121A;0234;9140
1140;558S;9016;3867
1141;073Z;2001;3866
1142;886O;0229;9092
1143;185P;9004;3822
1144;952M;2008;3818
1145;892A;0228;9080
1146;159N;9007;3852
1147;112C;2003;3896
1148;182Q;0227;9078
1149;083R;9003;3814
1150;166L;2009;3857
1151;420M;0250;9560
1152;388T;9052;3702
1153;930S;2052;3776
1154;267F;0253;9512
1155;268L;9050;3724
1156;466J;2055;3758
1157;354L;0254;9590
1158;634W;9056;3784
1159;768E;2051;3746
1160;388F;0256;9558
1161;388J;9096;3312
1162;922N;2092;3398
1163;958C;0244;9920
1164;460M;9091;3387
1165;151E;2090;3386
1166;219H;0247;9950
1167;009F;9099;3334
1168;217A;2096;3377
1169;202Z;0243;9918
1170;106K;9095;3394
1171;843B;2061;3716
1172;594Z;0289;9692
1173;161F;9064;3747
1174;816U;2068;3788
1175;610Q;0288;9680
1176;682E;9067;3777
1177;253A;2063;3737
1178;127I;0287;9678
1179;542E;9063;3732
1180;747W;2069;3797
1181;604V;0246;9110
1182;396G;9019;3327
1183;339L;2014;3326
1184;946B;0241;9182
1185;709Z;9018;3304
1186;931M;2017;3356
1187;215O;0249;9138
1188;630B;9017;3364
1189;019F;2013;3317
1190;750P;0245;9198
1191;746V;9051;3912
1192;492H;2059;3998
1193;616V;0267;9542
1194;273M;9058;3987
1195;204V;2058;3986
1196;899V;0265;9572
1197;021R;9053;3934
1198;193L;2057;3977
1199;327F;0264;9530
1200;748L;9059;3994
1201;436Q;2766;7166
1202;001W;0262;6122
1203;182D;9762;7122
1204;279W;2761;7118
1205;047A;0260;6108
1206;301I;9765;7152
1207;452B;2769;7196
1208;946K;0266;6168
1209;164G;9761;7114
1210;501V;2765;7157
1211;098V;0220;6902
1212;047F;9720;7902
1213;263J;2727;7976
1214;070G;0223;6932
1215;384Z;9722;7924
1216;872L;2725;7958
1217;846J;0224;6948
1218;987J;9728;7984
1219;303N;2724;7946
1220;465E;0226;6962
1221;135Y;9726;7407
1222;426Y;2722;7406
1223;108T;0222;6470
1224;498K;9721;7437
1225;588G;2720;7427
1226;573V;0225;6452
1227;240L;9729;7444
1228;542U;2726;7487
1229;274H;0221;6440
1230;924A;9725;7467
1231;785L;2710;7808
1232;583J;0210;6800
1233;409W;9717;7872
1234;838R;2713;7838
1235;684I;0212;6828
1236;056D;9715;7857
1237;948E;2714;7847
1238;820K;0218;6888
1239;864Q;9714;7842
1240;954Q;2716;7868
1241;805Q;0201;6860
1242;015N;9709;7827
1243;867X;2704;7826
1244;023B;0208;6812
1245;918Z;9708;7804
1246;043L;2707;7856
1247;614S;0203;6890
1248;581T;9707;7864
1249;365H;2703;7817
1250;139S;0209;6858
1251;787A;9756;7707
1252;238O;2752;7706
1253;694E;0252;6770
1254;956X;9751;7737
1255;096Q;2750;7727
1256;107Q;0255;6752
1257;525U;9759;7744
1258;513T;2756;7787
1259;184I;0251;6740
1260;050N;9755;7767
1261;023Q;2796;7316
1262;190T;0292;6392
1263;721M;9792;7347
1264;093M;2791;7388
1265;069S;0290;6380
1266;552W;9795;7377
1267;520Y;2799;7337
1268;733W;0296;6378
1269;080E;9791;7332
1270;997W;2795;7397
1271;949T;0261;6710
1272;320V;9769;7797
1273;657H;2764;7748
1274;717P;0268;6782
1275;083A;9768;7782
1276;114Q;2767;7778
1277;754B;0263;6738
1278;380I;9767;7774
1279;952P;2763;7736
1280;701C;0269;6798
1281;001X;9711;7362
1282;139V;2719;7328
1283;139G;0214;6320
1284;374K;9718;7317
1285;573I;2718;7307
1286;361K;0217;6350
1287;650K;9713;7392
1288;206Y;2717;7367
1289;879D;0213;6318
1290;543H;9719;7354
1291;755H;2751;7916
1292;720H;0259;6992
1293;809J;9754;7947
1294;403W;2758;7988
1295;359X;0258;6980
1296;899Q;9757;7977
1297;069P;2753;7937
1298;714A;0257;6978
1299;572I;9753;7932
1300;135K;2759;7997
1301;565D;0100;1160
1302;424P;9300;3627
1303;040H;2307;3626
1304;923U;0103;1112
1305;247V;9302;3604
1306;486X;2305;3656
1307;483U;0104;1190
1308;652Y;9308;3664
1309;879G;2304;3617
1310;711T;0106;1158
1311;959R;9306;3207
1312;394V;2302;3206
1313;384G;0102;1970
1314;253H;9301;3237
1315;712Q;2300;3227
1316;108H;0105;1952
1317;096U;9309;3244
1318;201O;2306;3287
1319;787M;0101;1940
1320;296P;9305;3267
1321;851H;2376;3266
1322;730O;0172;1400
1323;936T;9372;3222
1324;189E;2371;3218
1325;890O;0170;1428
1326;522T;9375;3252
1327;451J;2379;3296
1328;827N;0176;1488
1329;885G;9371;3214
1330;240O;2375;3257
1331;827G;0130;1802
1332;750E;9330;3102
1333;111E;2337;3176
1334;403I;0133;1832
1335;921C;9332;3124
1336;392Q;2335;3158
1337;374R;0134;1848
1338;826O;9338;3184
1339;802R;2334;3146
1340;906D;0136;1862
1341;606P;9321;3012
1342;788N;2329;3098
1343;023K;0124;1820
1344;193F;9328;3087
1345;989B;2328;3086
1346;734Q;0127;1850
1347;627M;9323;3034
1348;104N;2327;3077
1349;822E;0123;1818
1350;307U;9329;3094
1351;217S;2350;3566
1352;971H;0150;1700
1353;855X;9357;3522
1354;580V;2353;3518
1355;717C;0152;1728
1356;213S;9355;3552
1357;843O;2354;3596
1358;816Y;0158;1788
1359;792D;9354;3514
1360;019Q;2356;3557
1361;751O;0141;1310
1362;091F;9349;3927
1363;006O;2344;3926
1364;752U;0148;1382
1365;074F;9348;3904
1366;520Z;2347;3956
1367;112Z;0143;1338
1368;172G;9347;3964
1369;329J;2343;3917
1370;082M;0149;1398
1371;084G;9381;3612
1372;340Z;2389;3698
1373;401G;0184;1742
1374;514E;9388;3687
1375;568M;2388;3686
1376;385T;0187;1772
1377;510Y;9383;3634
1378;479F;2387;3677
1379;195O;0183;1730
1380;970H;9389;3694
1381;964A;2346;3116
1382;513W;0142;1322
1383;780W;9342;3147
1384;756J;2341;3188
1385;631Z;0140;1308
1386;839V;9345;3177
1387;284R;2349;3137
1388;111N;0146;1368
1389;262V;9341;3132
1390;371T;2345;3197
1391;765U;0160;1910
1392;725L;9360;3597
1393;695X;2367;3548
1394;713Z;0163;1982
1395;822N;9362;3582
1396;268B;2365;3578
1397;100L;0164;1938
1398;146I;9368;3574
1399;621U;2364;3536
1400;175G;0166;1998
1401;520U;9216;9162
1402;209G;2212;9128
1403;255I;0012;5120
1404;519O;9211;9117
1405;490X;2210;9107
1406;358K;0015;5150
1407;903T;9219;9192
1408;085J;2216;9167
1409;469S;0011;5118
1410;018N;9215;9154
1411;342I;2290;9908
1412;997L;0090;5900
1413;506G;9297;9972
1414;604W;2293;9938
1415;338L;0092;5928
1416;893M;9295;9957
1417;178Q;2294;9947
1418;508L;0098;5988
1419;286O;9294;9942
1420;738O;2296;9968
1421;225V;0040;5402
1422;292E;9240;9402
1423;531G;2247;9476
1424;852S;0043;5432
1425;485L;9242;9424
1426;067A;2245;9458
1427;556C;0044;5448
1428;716Q;9248;9484
1429;228N;2244;9446
1430;283X;0046;5462
1431;163A;9280;9807
1432;334J;2280;9806
1433;370F;0087;5870
1434;072J;9283;9837
1435;912Z;2282;9827
1436;867B;0085;5852
1437;573Z;9284;9844
1438;122H;2288;9887
1439;495J;0084;5840
1440;491H;9286;9867
1441;085F;2286;9866
1442;969P;0082;5822
1443;957O;9282;9822
1444;810F;2281;9818
1445;134L;0080;5808
1446;592U;9285;9852
1447;304A;2289;9896
1448;228A;0086;5868
1449;478C;9281;9814
1450;314T;2285;9857
1451;628X;0070;5702
1452;430O;9270;9702
1453;852C;2277;9776
1454;206D;0073;5732
1455;960K;9272;9724
1456;547Z;2275;9758
1457;063Y;0074;5748
1458;624A;9278;9784
1459;161D;2274;9746
1460;994V;0076;5762
1461;130Z;9231;9312
1462;940S;2239;9398
1463;229E;0034;5342
1464;207X;9238;9387
1465;720J;2238;9386
1466;955V;0037;5372
1467;551Z;9233;9334
1468;826F;2237;9377
1469;925V;0033;5330
1470;373Y;9239;9394
1471;180S;2271;9716
1472;014U;0079;5792
1473;539W;9274;9747
1474;510S;2278;9788
1475;705N;0078;5780
1476;311V;9277;9777
1477;890L;2273;9737
1478;491F;0077;5778
1479;605Y;9273;9732
1480;650M;2279;9797
1481;023A;0036;5360
1482;731N;9232;9327
1483;262G;2232;9326
1484;514R;0031;5312
1485;496C;9230;9304
1486;645W;2235;9356
1487;163E;0039;5390
1488;903E;9236;9364
1489;461T;2231;9317
1490;823F;0035;5358
1491;476E;9291;9912
1492;814G;2299;9998
1493;774J;0094;5942
1494;258I;9298;9987
1495;646X;2298;9986
1496;684N;0097;5972
1497;336N;9293;9934
1498;729E;2297;9977
1499;086M;0093;5930
1500;196Z;9299;9994
1501;874C;2500;5662
1502;212T;0562;5623
1503;769K;9507;5621
1504;923X;2503;5610
1505;406X;0560;5608
1506;221C;9505;5651
1507;997C;2504;5692
1508;527H;0566;5668
1509;979Z;9504;5613
1510;522I;2506;5659
1511;420Q;0520;5203
1512;803A;9502;5201
1513;396J;2502;5272
1514;604S;0523;5233
1515;895A;9500;5223
1516;546A;2505;5250
1517;608N;0524;5248
1518;532A;9506;5283
1519;757W;2501;5242
1520;658R;0526;5263
1521;984S;9576;5261
1522;923P;2572;5220
1523;079W;0522;5221
1524;598S;9571;5214
1525;980K;2570;5209
1526;641N;0525;5251
1527;220M;9579;5291
1528;145S;2576;5269
1529;861I;0521;5218
1530;318A;9575;5253
1531;529M;2530;5100
1532;704Z;0510;5101
1533;420C;9537;5171
1534;897G;2533;5130
1535;102V;0512;5128
1536;090K;9535;5154
1537;298C;2534;5149
1538;374A;0518;5188
1539;650N;9534;5141
1540;169U;2536;5160
1541;553R;0501;5011
1542;259G;9529;5094
1543;866I;2524;5040
1544;953G;0508;5083
1545;016B;9528;5081
1546;836S;2527;5070
1547;438E;0503;5038
1548;242B;9527;5073
1549;770K;2523;5032
1550;863F;0509;5098
1551;149O;9550;5561
1552;268J;2550;5520
1553;386A;0552;5521
1554;470F;9553;5514
1555;710V;2552;5509
1556;653D;0555;5551
1557;475C;9554;5591
1558;115Z;2558;5569
1559;169N;0551;5518
1560;207C;9556;5553
1561;456B;2541;5962
1562;966R;0592;5923
1563;099D;9544;5921
1564;198I;2548;5910
1565;741N;0590;5908
1566;984D;9547;5951
1567;745D;2543;5992
1568;222N;0596;5968
1569;774U;9543;5913
1570;486H;2549;5959
1571;653P;0561;5611
1572;216X;9589;5694
1573;734M;2584;5640
1574;280S;0568;5683
1575;150D;9588;5681
1576;703H;2587;5670
1577;822H;0563;5638
1578;022M;9587;5673
1579;864O;2583;5632
1580;836Y;0569;5698
1581;488V;9546;5111
1582;800H;2542;5190
1583;136L;0514;5143
1584;291L;9541;5184
1585;825L;2540;5182
1586;770Q;0517;5173
1587;045B;9549;5133
1588;786H;2546;5179
1589;821P;0513;5131
1590;581J;9545;5193
1591;215P;2560;5512
1592;922P;0559;5593
1593;760W;9567;5544
1594;159M;2563;5580
1595;837M;0558;5581
1596;404M;9565;5574
1597;057S;2564;5539
1598;399S;0557;5578
1599;326E;9564;5531
1600;310A;2566;5599
1601;379T;0966;9661
1602;420V;9412;9624
1603;126E;2412;9622
1604;672R;0961;9613
1605;175O;9410;9603
1606;344U;2415;9652
1607;987H;0969;9691
1608;397I;9416;9663
1609;460R;2411;9619
1610;585T;0965;9658
1611;172F;9490;9204
1612;654E;2490;9202
1613;535X;0927;9271
1614;857A;9493;9234
1615;398R;2492;9229
1616;866Z;0925;9253
1617;463V;9494;9243
1618;955Q;2498;9289
1619;753J;0924;9241
1620;135N;9496;9264
1621;103E;2440;9262
1622;360V;0922;9223
1623;978N;9447;9221
1624;734P;2443;9210
1625;950X;0920;9208
1626;500V;9445;9251
1627;543I;2444;9292
1628;048P;0926;9268
1629;890Q;9444;9213
1630;877I;2446;9259
1631;495L;0910;9103
1632;627V;9480;9101
1633;815O;2487;9172
1634;175I;0913;9133
1635;533Y;9482;9123
1636;435Y;2485;9150
1637;192J;0914;9148
1638;265E;9488;9183
1639;696Z;2484;9142
1640;450R;0916;9163
1641;066R;9486;9011
1642;566E;2482;9090
1643;299C;0904;9043
1644;074B;9481;9084
1645;033A;2480;9082
1646;079A;0907;9073
1647;716J;9489;9033
1648;394H;2486;9079
1649;250J;0903;9031
1650;321T;9485;9093
1651;556F;2470;9562
1652;901V;0952;9523
1653;252I;9477;9521
1654;700K;2473;9510
1655;718J;0950;9508
1656;151O;9475;9551
1657;065J;2474;9592
1658;553X;0956;9568
1659;034R;9474;9513
1660;965Y;2476;9559
1661;154P;0996;9961
1662;336Z;9439;9924
1663;995H;2434;9922
1664;892V;0991;9913
1665;620M;9438;9903
1666;631D;2437;9952
1667;470D;0999;9991
1668;021L;9437;9963
1669;955C;2433;9919
1670;289A;0995;9958
1671;149I;9471;9611
1672;263S;2479;9690
1673;197H;0964;9643
1674;976D;9478;9684
1675;997J;2478;9682
1676;155O;0967;9673
1677;493H;9473;9633
1678;363J;2477;9679
1679;462C;0963;9631
1680;267N;9479;9693
1681;390C;2436;9112
1682;946F;0919;9193
1683;071N;9432;9144
1684;467Z;2431;9180
1685;739C;0918;9181
1686;408N;9435;9174
1687;346P;2439;9139
1688;532C;0917;9178
1689;232N;9431;9131
1690;217Q;2435;9199
1691;674L;0951;9511
1692;428H;9499;9594
1693;635T;2494;9540
1694;815G;0958;9583
1695;231S;9498;9581
1696;651G;2497;9570
1697;264X;0953;9538
1698;002W;9497;9573
1699;947V;2493;9532
1700;367G;0959;9598
1701;312U;9816;6161
1702;998C;2812;6120
1703;817H;0612;6121
1704;017U;9811;6114
1705;418B;2810;6109
1706;735H;0615;6151
1707;905U;9819;6191
1708;679E;2816;6169
1709;044E;0611;6118
1710;277B;9815;6153
1711;143J;2890;6900
1712;649V;0690;6901
1713;294P;9897;6971
1714;411T;2893;6930
1715;485S;0692;6928
1716;567W;9895;6954
1717;923Y;2894;6949
1718;732J;0698;6988
1719;861V;9894;6941
1720;874Q;2896;6960
1721;015T;0640;6403
1722;957G;9840;6401
1723;471P;2847;6472
1724;310C;0643;6433
1725;919R;9842;6423
1726;344D;2845;6450
1727;103V;0644;6448
1728;257R;9848;6483
1729;849L;2844;6442
1730;017F;0646;6463
1731;309A;9880;6804
1732;242W;2880;6802
1733;839G;0687;6871
1734;091A;9883;6834
1735;614Q;2882;6829
1736;581Q;0685;6853
1737;179G;9884;6843
1738;087O;2888;6889
1739;476Z;0684;6841
1740;428J;9886;6864
1741;336I;2886;6862
1742;588K;0682;6823
1743;871J;9882;6821
1744;024U;2881;6810
1745;867C;0680;6808
1746;509W;9885;6851
1747;330L;2889;6892
1748;222Q;0686;6868
1749;377M;9881;6813
1750;277O;2885;6859
1751;370S;0670;6703
1752;208T;9870;6701
1753;746A;2877;6772
1754;813V;0673;6733
1755;825Q;9872;6723
1756;744W;2875;6750
1757;655C;0674;6748
1758;311L;9878;6783
1759;755O;2874;6742
1760;532G;0676;6763
1761;697Q;9831;6311
1762;375M;2839;6390
1763;607P;0634;6343
1764;863G;9838;6384
1765;947B;2838;6382
1766;372F;0637;6373
1767;049U;9833;6333
1768;543W;2837;6379
1769;052C;0633;6331
1770;408E;9839;6393
1771;023Z;2871;6712
1772;061X;0679;6793
1773;002C;9874;6744
1774;732P;2878;6780
1775;130G;0678;6781
1776;631L;9877;6774
1777;829L;2873;6739
1778;892F;0677;6778
1779;793W;9873;6731
1780;678Q;2879;6799
1781;850M;0636;6361
1782;350M;9832;6324
1783;806N;2832;6322
1784;652D;0631;6313
1785;297X;9830;6303
1786;275F;2835;6352
1787;891Y;0639;6391
1788;813R;9836;6363
1789;572X;2831;6319
1790;134K;0635;6358
1791;776G;9891;6911
1792;610N;2899;6990
1793;766S;0694;6943
1794;628R;9898;6984
1795;144H;2898;6982
1796;968L;0697;6973
1797;605L;9893;6933
1798;154S;2897;6979
1799;430Y;0693;6931
1800;176R;9899;6993
1801;430V;2466;1162
1802;718H;0112;1123
1803;552Z;9462;1121
1804;930A;2461;1110
1805;247U;0110;1108
1806;441D;9465;1151
1807;981P;2469;1192
1808;342X;0116;1168
1809;567I;9461;1113
1810;448N;2465;1159
1811;777G;0190;1903
1812;590A;9420;1901
1813;161R;2427;1972
1814;794S;0193;1933
1815;775S;9422;1923
1816;575M;2425;1950
1817;103K;0194;1948
1818;618D;9428;1983
1819;111F;2424;1942
1820;087I;0196;1963
1821;592V;9426;1404
1822;586W;2422;1402
1823;412J;0147;1471
1824;373I;9421;1434
1825;591M;2420;1429
1826;453N;0145;1453
1827;956W;9429;1443
1828;933S;2426;1489
1829;245O;0144;1441
1830;485Z;9425;1464
1831;129E;2410;1800
1832;666Q;0180;1801
1833;271P;9417;1871
1834;472Y;2413;1830
1835;302B;0182;1828
1836;660R;9415;1854
1837;495A;2414;1849
1838;447H;0188;1888
1839;332U;9414;1841
1840;645Q;2416;1860
1841;282A;0186;1861
1842;590S;9409;1824
1843;609W;2404;1822
1844;460H;0181;1813
1845;813Y;9408;1803
1846;146V;2407;1852
1847;374G;0189;1891
1848;368F;9407;1863
1849;322H;2403;1819
1850;642Z;0185;1858
1851;631I;9456;1704
1852;317P;2452;1702
1853;633B;0177;1771
1854;954T;9451;1734
1855;202R;2450;1729
1856;779L;0175;1753
1857;028O;9459;1743
1858;149S;2456;1789
1859;673O;0174;1741
1860;800S;9455;1764
1861;613W;2496;1312
1862;063Z;0139;1393
1863;668X;9492;1344
1864;206A;2491;1380
1865;513H;0138;1381
1866;805O;9495;1374
1867;250Q;2499;1339
1868;865R;0137;1378
1869;325I;9491;1331
1870;778D;2495;1399
1871;884O;0171;1711
1872;405S;9469;1794
1873;278L;2464;1740
1874;862E;0178;1783
1875;389Z;9468;1781
1876;362J;2467;1770
1877;456D;0173;1738
1878;041R;9467;1773
1879;875A;2463;1732
1880;848T;0179;1798
1881;258K;9411;1361
1882;666F;2419;1320
1883;581P;0132;1321
1884;769Q;9418;1314
1885;521T;2418;1309
1886;188I;0135;1351
1887;028Y;9413;1391
1888;741J;2417;1369
1889;823U;0131;1318
1890;266V;9419;1353
1891;963Q;2451;1912
1892;567T;0199;1993
1893;791N;9454;1944
1894;131S;2458;1980
1895;044M;0198;1981
1896;981B;9457;1974
1897;721L;2453;1939
1898;950J;0197;1978
1899;682U;9453;1931
1900;516U;2459;1999
1901;956D;0516;5161
1902;151G;9600;5124
1903;572N;2607;5122
1904;974J;0511;5113
1905;827W;9602;5103
1906;664L;2605;5152
1907;528A;0519;5191
1908;916P;9608;5163
1909;811I;2604;5119
1910;493O;0515;5158
1911;553V;9606;5904
1912;609S;2602;5902
1913;035P;0597;5971
1914;200E;9601;5934
1915;077S;2600;5929
1916;512E;0595;5953
1917;658T;9609;5943
1918;191P;2606;5989
1919;864P;0594;5941
1920;734B;9605;5964
1921;796N;2676;5400
1922;095V;0540;5401
1923;090L;9672;5471
1924;686R;2671;5430
1925;291B;0542;5428
1926;183F;9675;5454
1927;532T;2679;5449
1928;041T;0548;5488
1929;768H;9671;5441
1930;776H;2675;5460
1931;331X;0580;5803
1932;674S;9630;5801
1933;867T;2637;5872
1934;228S;0583;5833
1935;115K;9632;5823
1936;680D;2635;5850
1937;935T;0584;5848
1938;233E;9638;5883
1939;094R;2634;5842
1940;114K;0586;5863
1941;716N;9621;5861
1942;248D;2629;5820
1943;482Y;0582;5821
1944;269Z;9628;5814
1945;269O;2628;5809
1946;037F;0585;5851
1947;382F;9623;5891
1948;514O;2627;5869
1949;984Z;0581;5818
1950;498H;9629;5853
1951;042J;2650;5700
1952;032I;0570;5701
1953;064W;9657;5771
1954;172S;2653;5730
1955;216K;0572;5728
1956;262D;9655;5754
1957;350U;2654;5749
1958;065I;0578;5788
1959;539C;9654;5741
1960;403D;2656;5760
1961;587P;0531;5311
1962;411K;9649;5394
1963;419Q;2644;5340
1964;254B;0538;5383
1965;791F;9648;5381
1966;420U;2647;5370
1967;913J;0533;5338
1968;616T;9647;5373
1969;079T;2643;5332
1970;545J;0539;5398
1971;249A;9681;5711
1972;270L;2689;5790
1973;492E;0574;5743
1974;383N;9688;5784
1975;178T;2688;5782
1976;479N;0577;5773
1977;393A;9683;5733
1978;996G;2687;5779
1979;103M;0573;5731
1980;782R;9689;5793
1981;953V;2646;5362
1982;210Z;0532;5323
1983;318M;9642;5321
1984;790O;2641;5310
1985;700S;0530;5308
1986;206Z;9645;5351
1987;987Q;2649;5392
1988;158X;0536;5368
1989;698O;9641;5313
1990;589R;2645;5359
1991;251H;0591;5911
1992;748P;9660;5994
1993;202H;2667;5940
1994;867Q;0598;5983
1995;149R;9662;5981
1996;080H;2665;5970
1997;765F;0593;5938
1998;233L;9668;5973
1999;633R;2664;5932
2000;820C;0599;5998
2001;473D;4000;5007
2002;244I;2662;7001
2003;540I;7662;5076
2004;817L;4003;5037
2005;819P;2660;7023
2006;953A;7665;5050
2007;297B;4004;5044
2008;000F;2666;7083
2009;700N;7661;5046
2010;236J;4006;5067
2011;205B;2620;7061
2012;691I;7620;5020
2013;648D;4002;5022
2014;687V;2623;7014
2015;792Z;7622;5001
2016;537T;4005;5052
2017;461P;2624;7091
2018;924C;7628;5061
2019;412E;4001;5014
2020;078N;2626;7053
2021;443B;7626;5766
2022;922V;4072;5727
2023;889F;2622;7721
2024;358G;7621;5710
2025;600I;4070;5704
2026;063V;2625;7751
2027;456G;7629;5796
2028;200B;4076;5764
2029;252X;2621;7713
2030;830N;7625;5751
2031;979R;4030;5307
2032;193H;2610;7301
2033;510D;7617;5376
2034;651O;4033;5337
2035;110J;2612;7323
2036;413I;7615;5350
2037;237B;4034;5344
2038;148A;2618;7383
2039;061R;7614;5346
2040;811X;4036;5367
2041;505Q;2601;7211
2042;251S;7609;5290
2043;228X;4024;5247
2044;425B;2608;7284
2045;571X;7608;5286
2046;628A;4027;5277
2047;030S;2603;7233
2048;882U;7607;5271
2049;736I;4023;5232
2050;148F;2609;7293
2051;702W;7656;5500
2052;412G;4050;5502
2053;869S;2652;7571
2054;148N;7651;5530
2055;860D;4052;5524
2056;812I;2655;7554
2057;905X;7659;5541
2058;944A;4058;5584
2059;095F;2651;7541
2060;623K;7655;5560
2061;398D;4041;5412
2062;035A;2692;7494
2063;349Z;7692;5440
2064;535L;4048;5487
2065;518Y;2690;7481
2066;042F;7695;5470
2067;033J;4043;5434
2068;127J;2696;7473
2069;913K;7691;5436
2070;007M;4049;5494
2071;108E;2661;7811
2072;021W;7669;5890
2073;746Y;4084;5847
2074;445D;2668;7884
2075;031F;7668;5886
2076;611M;4087;5877
2077;690F;2663;7833
2078;034E;7667;5871
2079;076T;4083;5832
2080;256V;2669;7893
2081;337A;7611;5466
2082;612Z;4042;5427
2083;098T;2614;7421
2084;635J;7618;5410
2085;037P;4040;5404
2086;351R;2617;7451
2087;866O;7613;5496
2088;562F;4046;5464
2089;669Q;2613;7413
2090;446G;7619;5451
2091;161A;4060;5607
2092;016Y;2659;7601
2093;523O;7654;5676
2094;665J;4063;5637
2095;418I;2658;7623
2096;523C;7657;5650
2097;788A;4064;5644
2098;807P;2657;7683
2099;120T;7653;5646
2100;668R;4066;5667
2101;306C;2200;3161
2102;638D;7200;4120
2103;133B;4062;4122
2104;104E;2203;3114
2105;066H;7202;4101
2106;353M;4065;4152
2107;904Y;2204;3191
2108;969D;7208;4161
2109;831I;4061;4114
2110;779T;2206;3153
2111;475W;7206;4900
2112;818O;4020;4902
2113;481L;2202;3971
2114;553B;7201;4930
2115;601A;4022;4924
2116;030U;2205;3954
2117;679O;7209;4941
2118;357L;4028;4984
2119;754L;2201;3941
2120;052U;7205;4960
2121;127W;4026;4407
2122;278R;2272;3401
2123;360H;7272;4476
2124;642P;4021;4437
2125;970Y;2270;3423
2126;433H;7275;4450
2127;823P;4029;4444
2128;766X;2276;3483
2129;317F;7271;4446
2130;616G;4025;4467
2131;353Q;2230;3804
2132;475X;7230;4806
2133;899Z;4017;4872
2134;887Q;2233;3834
2135;473G;7232;4821
2136;553H;4015;4857
2137;237Z;2234;3843
2138;252O;7238;4881
2139;641U;4014;4842
2140;584T;2236;3864
2141;460W;7221;4866
2142;555E;4009;4827
2143;379D;2224;3821
2144;919H;7228;4810
2145;095A;4008;4804
2146;019D;2227;3851
2147;752L;7223;4896
2148;885R;4007;4864
2149;955K;2223;3813
2150;698Q;7229;4851
2151;143K;4056;4707
2152;208P;2250;3701
2153;596Y;7257;4776
2154;800Q;4051;4737
2155;841F;2252;3723
2156;566L;7255;4750
2157;687Z;4059;4744
2158;587T;2258;3783
2159;517L;7254;4746
2160;191F;4055;4767
2161;002G;2241;3311
2162;473N;7249;4390
2163;634X;4092;4347
2164;264P;2248;3384
2165;372T;7248;4386
2166;662X;4095;4377
2167;426N;2243;3333
2168;404B;7247;4371
2169;124L;4091;4332
2170;910N;2249;3393
2171;339U;7281;4716
2172;721O;4069;4797
2173;141U;2284;3744
2174;273Y;7288;4780
2175;236R;4068;4782
2176;818W;2287;3774
2177;709R;7283;4731
2178;453P;4067;4774
2179;909K;2283;3731
2180;698P;7289;4791
2181;264H;4011;4362
2182;860K;2242;3324
2183;046T;7242;4326
2184;671E;4018;4317
2185;734J;2240;3303
2186;801W;7245;4356
2187;379A;4013;4392
2188;141O;2246;3363
2189;209P;7241;4311
2190;985T;4019;4354
2191;675A;2260;3911
2192;416L;7260;4990
2193;630N;4054;4947
2194;037W;2263;3984
2195;353J;7262;4986
2196;307D;4057;4977
2197;649L;2264;3933
2198;106T;7268;4971
2199;967A;4053;4932
2200;742S;2266;3993
2201;774L;7266;8166
2202;228L;4762;8127
2203;774H;2262;7121
2204;723E;7261;8110
2205;278H;4760;8104
2206;172Y;2265;7151
2207;691R;7269;8196
2208;878R;4766;8164
2209;433U;2261;7113
2210;215D;7265;8151
2211;354E;4720;8907
2212;156F;2220;7901
2213;515Y;7227;8976
2214;129C;4723;8937
2215;997A;2222;7923
2216;088I;7225;8950
2217;358R;4724;8944
2218;401D;2228;7983
2219;339R;7224;8946
2220;349I;4726;8967
2221;543Z;2226;7404
2222;725U;7222;8406
2223;198O;4722;8472
2224;557N;2221;7434
2225;560P;7220;8421
2226;744F;4725;8457
2227;256N;2229;7443
2228;114H;7226;8481
2229;495R;4721;8442
2230;565P;2225;7464
2231;068O;7210;8800
2232;468T;4710;8802
2233;754K;2217;7871
2234;245P;7213;8830
2235;586X;4712;8824
2236;854B;2215;7854
2237;805X;7214;8841
2238;732I;4718;8884
2239;767K;2214;7841
2240;764J;7216;8860
2241;743J;4701;8862
2242;508B;2209;7824
2243;049W;7204;8826
2244;540C;4708;8817
2245;744K;2208;7803
2246;027C;7207;8856
2247;559Q;4703;8892
2248;726X;2207;7863
2249;322L;7203;8811
2250;732L;4709;8854
2251;506B;2256;7704
2252;754Y;7252;8706
2253;956K;4752;8772
2254;053V;2251;7734
2255;070W;7250;8721
2256;591O;4755;8757
2257;283K;2259;7743
2258;678V;7256;8781
2259;322J;4751;8742
2260;271T;2255;7764
2261;192S;7296;8316
2262;811D;4792;8397
2263;721E;2292;7344
2264;510A;7291;8380
2265;382O;4790;8382
2266;024S;2295;7374
2267;193M;7299;8331
2268;211Z;4796;8374
2269;232H;2291;7331
2270;244Q;7295;8391
2271;094K;4761;8712
2272;297Y;2269;7794
2273;808A;7264;8740
2274;679B;4768;8787
2275;227G;2268;7781
2276;546W;7267;8770
2277;203K;4763;8734
2278;000U;2267;7773
2279;280H;7263;8736
2280;332J;4769;8794
2281;059X;2211;7361
2282;424U;7219;8320
2283;297H;4714;8322
2284;231L;2218;7314
2285;135O;7218;8301
2286;817P;4717;8352
2287;405C;2213;7391
2288;925R;7217;8361
2289;147K;4713;8314
2290;029W;2219;7353
2291;050T;7251;8916
2292;982X;4759;8997
2293;941H;2254;7944
2294;977P;7258;8980
2295;557A;4758;8982
2296;949B;2257;7974
2297;094U;7253;8931
2298;130O;4757;8974
2299;135V;2253;7931
2300;516T;7259;8991
2301;829I;4300;4662
2302;138C;2100;3624
2303;979Q;7107;4626
2304;994P;4303;4617
2305;683P;2102;3603
2306;700M;7105;4656
2307;899B;4304;4692
2308;058H;2108;3663
2309;369A;7104;4611
2310;435I;4306;4654
2311;803C;2106;3204
2312;836X;7102;4206
2313;917I;4302;4272
2314;786E;2101;3234
2315;418X;7100;4221
2316;976B;4305;4257
2317;080C;2109;3243
2318;152W;7106;4281
2319;612T;4301;4242
2320;879F;2105;3264
2321;452L;7176;4266
2322;324D;4372;4227
2323;762V;2172;3221
2324;821T;7171;4210
2325;043T;4370;4204
2326;705L;2175;3251
2327;932H;7179;4296
2328;930D;4376;4264
2329;758G;2171;3213
2330;530U;7175;4251
2331;235P;4330;4107
2332;747Q;2130;3101
2333;727Z;7137;4176
2334;891S;4333;4137
2335;159Q;2132;3123
2336;315W;7135;4150
2337;582K;4334;4144
2338;102X;2138;3183
2339;364E;7134;4146
2340;026N;4336;4167
2341;413D;2121;3011
2342;463Q;7129;4090
2343;931I;4324;4047
2344;708W;2128;3084
2345;396V;7128;4086
2346;440D;4327;4077
2347;048A;2123;3033
2348;094C;7127;4071
2349;073I;4323;4032
2350;565G;2129;3093
2351;261J;7150;4566
2352;334T;4350;4527
2353;738U;2157;3521
2354;650J;7153;4510
2355;438J;4352;4504
2356;937Q;2155;3551
2357;991F;7154;4596
2358;126N;4358;4564
2359;098S;2154;3513
2360;035Y;7156;4551
2361;084Z;4341;4962
2362;102L;2149;3924
2363;780O;7144;4926
2364;917F;4348;4917
2365;777T;2148;3903
2366;135I;7147;4956
2367;771V;4343;4992
2368;609M;2147;3963
2369;341N;7143;4911
2370;299W;4349;4954
2371;202V;2181;3611
2372;827I;7189;4690
2373;877L;4384;4647
2374;480O;2188;3684
2375;705U;7188;4686
2376;385G;4387;4677
2377;497D;2183;3633
2378;561J;7187;4671
2379;829T;4383;4632
2380;679S;2189;3693
2381;873B;7146;4116
2382;538V;4342;4197
2383;009J;2142;3144
2384;350N;7141;4180
2385;710Q;4340;4182
2386;898I;2145;3174
2387;306P;7149;4131
2388;578R;4346;4174
2389;353O;2141;3131
2390;603O;7145;4191
2391;565V;4360;4512
2392;006D;2160;3594
2393;711C;7167;4540
2394;274Y;4363;4587
2395;236V;2162;3581
2396;012Q;7165;4570
2397;925O;4364;4534
2398;202P;2168;3573
2399;595O;7164;4536
2400;512X;4366;4594
2401;843A;2016;9161
2402;538D;7012;6006
2403;607X;4212;6072
2404;037O;2011;9114
2405;795E;7010;6021
2406;870L;4215;6057
2407;749U;2019;9191
2408;697R;7016;6081
2409;872E;4211;6042
2410;015R;2015;9153
2411;852U;7090;6066
2412;864Z;4290;6027
2413;519D;2097;9971
2414;367R;7093;6010
2415;892K;4292;6004
2416;551J;2095;9954
2417;200A;7094;6096
2418;112R;4298;6064
2419;288O;2094;9941
2420;173H;7096;6051
2421;643R;4240;6762
2422;632C;2040;9401
2423;798Y;7047;6726
2424;465X;4243;6717
2425;442H;2042;9423
2426;045U;7045;6756
2427;428N;4244;6792
2428;101B;2048;9483
2429;654F;7044;6711
2430;538I;4246;6754
2431;688P;2080;9804
2432;384T;7080;6306
2433;671H;4287;6372
2434;946Y;2083;9834
2435;640L;7082;6321
2436;408I;4285;6357
2437;309L;2084;9843
2438;864F;7088;6381
2439;619G;4284;6342
2440;608P;2086;9864
2441;737J;7086;6216
2442;156J;4282;6297
2443;164Q;2082;9821
2444;326B;7081;6280
2445;987N;4280;6282
2446;887D;2085;9851
2447;806O;7089;6231
2448;153Y;4286;6274
2449;098F;2081;9813
2450;887Z;7085;6291
2451;505B;4270;6507
2452;658L;2070;9701
2453;471B;7077;6576
2454;783H;4273;6537
2455;059P;2072;9723
2456;452O;7075;6550
2457;651B;4274;6544
2458;769W;2078;9783
2459;483T;7074;6546
2460;803T;4276;6567
2461;139A;2031;9311
2462;021G;7039;6490
2463;492P;4234;6447
2464;824O;2038;9384
2465;239C;7038;6486
2466;419V;4237;6477
2467;108Y;2033;9333
2468;931Y;7037;6471
2469;875E;4233;6432
2470;836E;2039;9393
2471;921N;7071;6816
2472;777I;4279;6897
2473;794G;2074;9744
2474;178S;7078;6880
2475;357Q;4278;6882
2476;166E;2077;9774
2477;070M;7073;6831
2478;905E;4277;6874
2479;763F;2073;9731
2480;126K;7079;6891
2481;382B;4236;6462
2482;114P;2032;9324
2483;266F;7032;6426
2484;387W;4231;6417
2485;038Q;2030;9303
2486;162A;7035;6456
2487;408B;4239;6492
2488;400L;2036;9363
2489;531Y;7031;6411
2490;142S;4235;6454
2491;916X;2091;9911
2492;666G;7099;6606
2493;892G;4294;6672
2494;388P;2098;9984
2495;647N;7098;6621
2496;028R;4297;6657
2497;235Q;2093;9933
2498;937F;7097;6681
2499;455K;4293;6642
2500;418D;2099;9993
2501;606M;7566;5666
2502;537U;4500;7005
2503;272B;2562;5625
2504;479C;7561;5618
2505;809W;4502;7027
2506;900O;2565;5655
2507;660C;7569;5696
2508;947X;4508;7087
2509;711X;2561;5617
2510;973I;7565;5657
2511;216Z;4506;7065
2512;939B;2520;5205
2513;185I;7527;5276
2514;646S;4501;7015
2515;056M;2522;5227
2516;765H;7525;5258
2517;557X;4509;7095
2518;452I;2528;5287
2519;585N;7524;5246
2520;552C;4505;7057
2521;013T;2526;5265
2522;979I;7522;5228
2523;001U;4572;7725
2524;185K;2521;5215
2525;615C;7520;5207
2526;248B;4575;7755
2527;309Q;2529;5295
2528;131W;7526;5267
2529;038L;4571;7717
2530;191O;2525;5257
2531;881W;7510;5108
2532;605Q;4530;7305
2533;418G;2517;5175
2534;434N;7513;5138
2535;300L;4532;7327
2536;145Q;2515;5155
2537;985Y;7514;5147
2538;733X;4538;7387
2539;899T;2514;5145
2540;592A;7516;5168
2541;649C;4521;7215
2542;136W;2509;5095
2543;197I;7504;5048
2544;966F;4528;7285
2545;256L;2508;5085
2546;952D;7507;5078
2547;928F;4523;7237
2548;532Z;2507;5077
2549;283U;7503;5036
2550;183Z;4529;7297
2551;846V;2556;5565
2552;782V;7552;5528
2553;335V;4557;7575
2554;428R;2551;5515
2555;288Q;7550;5507
2556;467F;4555;7555
2557;464T;2559;5595
2558;056H;7556;5567
2559;715U;4554;7545
2560;033R;2555;5557
2561;561N;7596;5966
2562;495P;4549;7495
2563;716X;2592;5925
2564;778A;7591;5918
2565;087S;4548;7485
2566;592R;2595;5955
2567;106Q;7599;5996
2568;836C;4547;7477
2569;089E;2591;5917
2570;566A;7595;5957
2571;119Z;4581;7815
2572;639Z;2569;5695
2573;713Q;7564;5648
2574;399D;4588;7885
2575;693Y;2568;5685
2576;231B;7567;5678
2577;297D;4583;7837
2578;266C;2567;5677
2579;947N;7563;5636
2580;128X;4589;7897
2581;918D;2511;5115
2582;266B;7519;5198
2583;881S;4542;7425
2584;574W;2518;5185
2585;033G;7518;5186
2586;635E;4545;7455
2587;203V;2513;5137
2588;182J;7517;5177
2589;580Q;4541;7417
2590;751N;2519;5197
2591;371C;7551;5516
2592;401Q;4560;7605
2593;839M;2554;5545
2594;471X;7558;5588
2595;455L;4562;7627
2596;376R;2557;5575
2597;925E;7553;5537
2598;135H;4568;7687
2599;451Q;2553;5535
2600;511O;7559;5597
2601;644O;4416;3165
2602;325L;2962;9625
2603;909O;7962;9626
2604;283E;4411;3115
2605;273O;2960;9607
2606;440T;7965;9656
2607;848J;4419;3195
2608;940H;2966;9667
2609;711Y;7961;9617
2610;666K;4415;3157
2611;234G;2920;9205
2612;932L;7920;9206
2613;437M;4497;3975
2614;478K;2923;9235
2615;288W;7922;9227
2616;385L;4495;3955
2617;134J;2924;9247
2618;884C;7928;9287
2619;418M;4494;3945
2620;386P;2926;9265
2621;437E;7926;9266
2622;805Z;4440;3405
2623;873H;2922;9225
2624;034P;7921;9218
2625;901E;4442;3427
2626;486D;2925;9255
2627;961J;7929;9296
2628;580O;4448;3487
2629;583O;2921;9217
2630;965M;7925;9257
2631;281J;4480;3805
2632;026A;2910;9105
2633;089R;7917;9176
2634;933D;4483;3835
2635;010Y;2912;9127
2636;283Y;7915;9158
2637;430I;4484;3847
2638;924J;2918;9187
2639;488P;7914;9146
2640;710I;4486;3865
2641;087B;2901;9015
2642;577J;7909;9098
2643;601R;4482;3825
2644;801I;2908;9085
2645;125R;7908;9086
2646;755J;4485;3855
2647;416F;2903;9037
2648;623H;7907;9077
2649;892S;4481;3817
2650;840U;2909;9097
2651;725G;7956;9566
2652;651R;4470;3705
2653;162I;2952;9525
2654;294U;7951;9518
2655;912D;4472;3727
2656;688C;2955;9555
2657;784Q;7959;9596
2658;358H;4478;3787
2659;743A;2951;9517
2660;057P;7955;9557
2661;404U;4431;3315
2662;326D;2992;9925
2663;585C;7992;9926
2664;096N;4438;3385
2665;616J;2990;9907
2666;295F;7995;9956
2667;488L;4433;3337
2668;460S;2996;9967
2669;925A;7991;9917
2670;134V;4439;3397
2671;547Q;2961;9615
2672;408Q;7969;9698
2673;423P;4474;3745
2674;112O;2968;9685
2675;189Z;7968;9686
2676;270C;4477;3775
2677;673S;2963;9637
2678;066N;7967;9677
2679;955J;4473;3735
2680;504Q;2969;9697
2681;877A;7911;9116
2682;427J;4432;3325
2683;108P;2914;9145
2684;969V;7918;9188
2685;960T;4430;3307
2686;509G;2917;9175
2687;443I;7913;9137
2688;485G;4436;3367
2689;515G;2913;9135
2690;351N;7919;9197
2691;417H;4491;3915
2692;746L;2959;9595
2693;451N;7954;9548
2694;279G;4498;3985
2695;816N;2958;9585
2696;904D;7957;9578
2697;256Q;4493;3937
2698;996B;2957;9577
2699;120H;7953;9536
2700;677T;4499;3997
2701;162W;2616;6165
2702;861C;7612;6128
2703;333L;4812;7125
2704;098M;2611;6115
2705;254Z;7610;6107
2706;846H;4815;7155
2707;684M;2619;6195
2708;873D;7616;6167
2709;192B;4811;7117
2710;830W;2615;6157
2711;125L;7690;6908
2712;661Q;4890;7905
2713;773W;2697;6975
2714;737V;7693;6938
2715;705X;4892;7927
2716;368Z;2695;6955
2717;697P;7694;6947
2718;894L;4898;7987
2719;394F;2694;6945
2720;642R;7696;6968
2721;929S;4840;7405
2722;573A;2640;6405
2723;802K;7647;6476
2724;268U;4843;7435
2725;325H;2642;6427
2726;641D;7645;6458
2727;838J;4844;7447
2728;862A;2648;6487
2729;853D;7644;6446
2730;805C;4846;7465
2731;636Z;2680;6805
2732;458L;7680;6806
2733;512W;4887;7875
2734;961U;2683;6835
2735;976M;7682;6827
2736;904R;4885;7855
2737;951R;2684;6847
2738;062M;7688;6887
2739;302H;4884;7845
2740;903N;2686;6865
2741;851Z;7686;6866
2742;314H;4882;7825
2743;709Y;2682;6825
2744;319J;7681;6818
2745;151W;4880;7807
2746;001Z;2685;6855
2747;578D;7689;6896
2748;655N;4886;7867
2749;721X;2681;6817
2750;513I;7685;6857
2751;846N;4870;7705
2752;479W;2670;6705
2753;986G;7677;6776
2754;595H;4873;7735
2755;166D;2672;6727
2756;942B;7675;6758
2757;155S;4874;7747
2758;785A;2678;6787
2759;087Y;7674;6746
2760;065H;4876;7765
2761;584J;2631;6315
2762;297R;7639;6398
2763;207I;4834;7345
2764;571P;2638;6385
2765;289S;7638;6386
2766;427R;4837;7375
2767;990E;2633;6337
2768;780R;7637;6377
2769;260K;4833;7335
2770;426K;2639;6397
2771;427D;7671;6716
2772;107V;4879;7795
2773;920D;2674;6745
2774;949P;7678;6788
2775;533M;4878;7785
2776;773R;2677;6775
2777;758K;7673;6737
2778;949J;4877;7777
2779;363A;2673;6735
2780;003M;7679;6797
2781;445Z;4836;7365
2782;510V;2632;6325
2783;070E;7632;6326
2784;552R;4831;7315
2785;339P;2630;6307
2786;374O;7635;6356
2787;860S;4839;7395
2788;412V;2636;6367
2789;115A;7631;6317
2790;535V;4835;7357
2791;913A;2691;6915
2792;702R;7699;6998
2793;543J;4894;7945
2794;902E;2698;6985
2795;303F;7698;6986
2796;463N;4897;7975
2797;327L;2693;6937
2798;328N;7697;6977
2799;643H;4893;7935
2800;025X;2699;6997
2801;916Z;7116;1166
2802;828F;4462;3625
2803;794Y;2112;1125
2804;308F;7111;1118
2805;072R;4460;3607
2806;600S;2115;1155
2807;220A;7119;1196
2808;850G;4466;3667
2809;198D;2111;1117
2810;591H;7115;1157
2811;196V;4420;3205
2812;588S;2190;1905
2813;385N;7197;1976
2814;984F;4423;3235
2815;114A;2192;1927
2816;576I;7195;1958
2817;229V;4424;3247
2818;382I;2198;1987
2819;578Q;7194;1946
2820;709W;4426;3265
2821;414X;2140;1405
2822;286B;7140;1406
2823;660I;4422;3225
2824;869L;2143;1435
2825;480H;7142;1427
2826;392Z;4425;3255
2827;685R;2144;1447
2828;338N;7148;1487
2829;025N;4421;3217
2830;071O;2146;1465
2831;507Q;7180;1808
2832;951O;4410;3105
2833;240A;2187;1875
2834;508A;7183;1838
2835;483W;4412;3127
2836;640S;2185;1855
2837;270A;7184;1847
2838;327H;4418;3187
2839;670Z;2184;1845
2840;060Y;7186;1868
2841;080K;4401;3015
2842;408G;2182;1825
2843;397H;7182;1826
2844;651Y;4408;3085
2845;572V;2180;1807
2846;945G;7185;1856
2847;760E;4403;3037
2848;262X;2186;1867
2849;328F;7181;1817
2850;705Z;4409;3097
2851;951K;2170;1705
2852;656R;7170;1706
2853;437Z;4452;3525
2854;829W;2173;1735
2855;973S;7172;1727
2856;311H;4455;3555
2857;154Q;2174;1747
2858;450P;7178;1787
2859;132R;4451;3517
2860;042D;2176;1765
2861;335J;7131;1316
2862;184O;4492;3925
2863;557L;2134;1345
2864;674Z;7138;1388
2865;366K;4490;3907
2866;713X;2137;1375
2867;140E;7133;1337
2868;008B;4496;3967
2869;483H;2133;1335
2870;334U;7139;1397
2871;447M;4461;3615
2872;058T;2179;1795
2873;471I;7174;1748
2874;434L;4468;3685
2875;471K;2178;1785
2876;644E;7177;1778
2877;288M;4463;3637
2878;208S;2177;1777
2879;214P;7173;1736
2880;039B;4469;3697
2881;126Q;2136;1365
2882;348D;7132;1328
2883;977V;4414;3145
2884;819T;2131;1315
2885;559J;7130;1307
2886;257B;4417;3175
2887;994A;2139;1395
2888;358Q;7136;1367
2889;197B;4413;3135
2890;997E;2135;1357
2891;997H;7191;1916
2892;498S;4459;3595
2893;790D;2194;1945
2894;670K;7198;1988
2895;006Z;4458;3585
2896;400E;2197;1975
2897;536A;7193;1937
2898;410Q;4457;3577
2899;319L;2193;1935
2900;341W;7199;1997
2901;464V;4600;9165
2902;690K;2512;5125
2903;837Y;7512;5126
2904;333V;4603;9115
2905;101M;2510;5107
2906;171E;7515;5156
2907;709A;4604;9195
2908;373P;2516;5167
2909;780Z;7511;5117
2910;853E;4606;9157
2911;931K;2590;5905
2912;458C;7590;5906
2913;792R;4602;9975
2914;582Y;2593;5935
2915;757S;7592;5927
2916;964J;4605;9955
2917;691D;2594;5947
2918;217X;7598;5987
2919;959A;4601;9945
2920;269E;2596;5965
2921;422N;7540;5408
2922;656E;4672;9405
2923;255W;2547;5475
2924;634P;7543;5438
2925;150Y;4670;9427
2926;452R;2545;5455
2927;054X;7544;5447
2928;159E;4676;9487
2929;628Q;2544;5445
2930;578W;7546;5468
2931;056P;4630;9805
2932;360I;2580;5805
2933;017X;7587;5876
2934;895O;4633;9835
2935;292I;2582;5827
2936;933P;7585;5858
2937;174S;4634;9847
2938;411L;2588;5887
2939;462T;7584;5846
2940;495F;4636;9865
2941;299F;2586;5865
2942;647L;7582;5828
2943;797S;4624;9825
2944;263Z;2581;5815
2945;928J;7580;5807
2946;093Q;4627;9855
2947;454E;2589;5895
2948;313G;7586;5867
2949;521Z;4623;9817
2950;714Z;2585;5857
2951;313A;7570;5708
2952;177L;4650;9705
2953;863K;2577;5775
2954;873T;7573;5738
2955;953K;4652;9727
2956;254M;2575;5755
2957;206O;7574;5747
2958;804R;4658;9787
2959;512T;2574;5745
2960;386J;7576;5768
2961;548B;4641;9315
2962;067X;2539;5395
2963;007Q;7534;5348
2964;125T;4648;9385
2965;313M;2538;5385
2966;978F;7537;5378
2967;869V;4643;9337
2968;068Z;2537;5377
2969;489M;7533;5336
2970;261P;4649;9397
2971;020E;2571;5715
2972;924F;7579;5798
2973;768U;4684;9745
2974;957V;2578;5785
2975;014Z;7578;5786
2976;337G;4687;9775
2977;962M;2573;5737
2978;451C;7577;5777
2979;757F;4683;9735
2980;301V;2579;5797
2981;361X;7536;5366
2982;772D;4642;9325
2983;162D;2532;5325
2984;450C;7531;5318
2985;193I;4640;9307
2986;377Z;2535;5355
2987;543C;7539;5396
2988;934B;4646;9367
2989;185T;2531;5317
2990;198X;7535;5357
2991;640U;4660;9915
2992;640Z;2599;5995
2993;389G;7594;5948
2994;197L;4663;9985
2995;672J;2598;5985
2996;316Z;7597;5978
2997;051Q;4664;9937
2998;377L;2597;5977
2999;782K;7593;5936
3000;393O;4666;9997
3001;572S;1000;7006
3002;660Q;3000;5000
3003;940O;8007;5071
3004;994Q;1003;7036
3005;502J;3002;5028
3006;362P;8005;5053
3007;640J;1004;7049
3008;812C;3008;5088
3009;702P;8004;5041
3010;360D;1006;7066
3011;619T;3006;5060
3012;109E;8002;5023
3013;236A;1002;7025
3014;119V;3001;5012
3015;091S;8000;5008
3016;127Z;1005;7055
3017;855C;3009;5090
3018;912N;8006;5068
3019;754N;1001;7019
3020;562U;3005;5058
3021;179Q;8076;5761
3022;471D;1072;7726
3023;537Y;3072;5720
3024;776B;8071;5713
3025;556L;1070;7709
3026;972Q;3075;5750
3027;322T;8079;5791
3028;653U;1076;7769
3029;100G;3071;5718
3030;037A;8075;5758
3031;494T;1030;7306
3032;677E;3030;5300
3033;025J;8037;5371
3034;819F;1033;7336
3035;206M;3032;5328
3036;476A;8035;5353
3037;433Q;1034;7349
3038;911N;3038;5388
3039;175K;8034;5341
3040;601F;1036;7366
3041;760D;3021;5210
3042;039A;8029;5293
3043;841U;1024;7246
3044;411N;3028;5282
3045;945C;8028;5281
3046;168V;1027;7276
3047;371X;3023;5238
3048;766Y;8027;5278
3049;720T;1023;7235
3050;782U;3029;5298
3051;099G;8050;5503
3052;819K;1050;7505
3053;369F;3057;5570
3054;244H;8053;5533
3055;990U;1052;7529
3056;344A;3055;5552
3057;472Z;8054;5548
3058;986L;1058;7589
3059;998F;3054;5540
3060;958I;8056;5563
3061;389C;1041;7415
3062;760M;3049;5492
3063;194O;8044;5443
3064;671I;1048;7486
3065;570E;3048;5480
3066;276N;8047;5473
3067;849M;1043;7439
3068;556A;3047;5478
3069;427I;8043;5431
3070;383F;1049;7499
3071;318P;3081;5810
3072;380V;8089;5893
3073;006Y;1084;7846
3074;185Q;3088;5882
3075;871W;8088;5881
3076;156P;1087;7876
3077;293C;3083;5838
3078;232B;8087;5878
3079;980P;1083;7835
3080;835M;3089;5898
3081;663C;8046;5461
3082;166W;1042;7426
3083;260E;3042;5420
3084;796P;8041;5413
3085;214R;1040;7409
3086;641C;3045;5450
3087;623D;8049;5491
3088;402B;1046;7469
3089;981N;3041;5418
3090;039W;8045;5458
3091;596F;1060;7606
3092;853Y;3060;5600
3093;243K;8067;5671
3094;947J;1063;7636
3095;186K;3062;5628
3096;626P;8065;5653
3097;806Q;1064;7649
3098;857D;3068;5688
3099;653O;8064;5641
3100;331S;1066;7666
3101;583E;3066;4160
3102;766N;8062;4123
3103;618E;1062;3125
3104;016P;3061;4112
3105;153W;8060;4108
3106;131G;1065;3155
3107;454K;3069;4190
3108;952Q;8066;4168
3109;431A;1061;3119
3110;504R;3065;4158
3111;771G;8020;4903
3112;359Q;1020;3905
3113;439Q;3027;4970
3114;415D;8023;4933
3115;840A;1022;3929
3116;267E;3025;4952
3117;161K;8024;4948
3118;035R;1028;3989
3119;886I;3024;4940
3120;342H;8026;4963
3121;322B;1026;3406
3122;525V;3022;4400
3123;579T;8022;4471
3124;081F;1021;3436
3125;532Q;3020;4428
3126;778S;8025;4453
3127;786W;1029;3449
3128;932M;3026;4488
3129;611I;8021;4441
3130;427L;1025;3466
3131;745U;3010;4802
3132;792S;8010;4801
3133;749B;1017;3875
3134;736U;3013;4832
3135;003V;8012;4828
3136;699Q;1015;3856
3137;611B;3014;4848
3138;526B;8018;4888
3139;231K;1014;3845
3140;092E;3016;4862
3141;137S;8001;4861
3142;277L;1009;3826
3143;554X;3004;4820
3144;848H;8008;4813
3145;018D;1008;3809
3146;709C;3007;4850
3147;373K;8003;4891
3148;904A;1007;3869
3149;664R;3003;4818
3150;619C;8009;4858
3151;587A;1056;3706
3152;124B;3052;4700
3153;795Y;8052;4771
3154;385O;1051;3736
3155;618B;3050;4728
3156;690L;8055;4753
3157;443H;1059;3749
3158;362Z;3056;4788
3159;833I;8051;4741
3160;436J;1055;3766
3161;550Q;3096;4310
3162;183O;8092;4393
3163;070K;1092;3346
3164;163V;3091;4382
3165;370R;8090;4381
3166;802G;1095;3376
3167;794C;3099;4338
3168;931W;8096;4378
3169;928C;1091;3335
3170;505C;3095;4398
3171;423V;8061;4711
3172;556B;1069;3796
3173;417X;3064;4742
3174;306W;8068;4783
3175;384J;1068;3785
3176;650F;3067;4772
3177;467X;8063;4738
3178;161J;1067;3779
3179;959O;3063;4730
3180;977O;8069;4798
3181;587V;1011;3365
3182;783M;3019;4322
3183;987G;8014;4321
3184;965P;1018;3316
3185;660D;3018;4308
3186;473L;8017;4351
3187;131U;1013;3395
3188;020C;3017;4368
3189;141H;8013;4318
3190;887X;1019;3359
3191;051R;3051;4910
3192;584B;8059;4993
3193;807N;1054;3946
3194;781L;3058;4982
3195;076M;8058;4981
3196;823I;1057;3976
3197;004I;3053;4938
3198;917Z;8057;4978
3199;332M;1053;3935
3200;656N;3059;4998
3201;816M;8766;8161
3202;042L;1762;7126
3203;102W;3762;8120
3204;478X;8761;8113
3205;763I;1760;7109
3206;556G;3765;8150
3207;351Q;8769;8191
3208;468B;1766;7169
3209;879W;3761;8118
3210;868L;8765;8158
3211;454H;1720;7906
3212;860Z;3720;8900
3213;528X;8727;8971
3214;499M;1723;7936
3215;983Z;3722;8928
3216;803E;8725;8953
3217;632H;1724;7949
3218;993E;3728;8988
3219;623U;8724;8941
3220;918F;1726;7966
3221;947E;3726;8402
3222;183S;8722;8401
3223;510I;1722;7475
3224;213H;3721;8432
3225;174Z;8720;8428
3226;184A;1725;7456
3227;744S;3729;8448
3228;905I;8726;8488
3229;225Q;1721;7445
3230;431F;3725;8462
3231;844F;8710;8803
3232;258F;1710;7805
3233;025P;3717;8870
3234;145P;8713;8833
3235;689M;1712;7829
3236;532X;3715;8852
3237;624C;8714;8848
3238;285T;1718;7889
3239;545M;3714;8840
3240;745L;8716;8863
3241;849T;1701;7865
3242;073A;3709;8822
3243;077V;8704;8821
3244;803G;1708;7816
3245;354U;3708;8808
3246;761J;8707;8851
3247;818L;1703;7895
3248;460U;3707;8868
3249;080O;8703;8818
3250;565T;1709;7859
3251;135U;3756;8702
3252;618V;8752;8701
3253;434O;1752;7775
3254;310I;3751;8732
3255;256B;8750;8728
3256;805D;1755;7756
3257;682A;3759;8748
3258;176U;8756;8788
3259;539T;1751;7745
3260;991L;3755;8762
3261;955M;8796;8311
3262;971L;1792;7396
3263;090O;3792;8342
3264;013R;8791;8383
3265;907H;1790;7385
3266;335D;3795;8372
3267;142X;8799;8338
3268;224V;1796;7379
3269;678N;3791;8330
3270;505D;8795;8398
3271;334N;1761;7715
3272;482R;3769;8792
3273;874Y;8764;8743
3274;399O;1768;7786
3275;647V;3768;8780
3276;286Q;8767;8773
3277;621W;1763;7739
3278;987Y;3767;8778
3279;008Y;8763;8731
3280;785N;1769;7799
3281;305F;3711;8360
3282;835C;8719;8323
3283;407A;1714;7325
3284;384B;3718;8312
3285;188K;8718;8308
3286;905A;1717;7355
3287;021V;3713;8390
3288;053K;8717;8368
3289;367Z;1713;7319
3290;281S;3719;8358
3291;159Z;8751;8911
3292;377G;1759;7996
3293;667W;3754;8942
3294;759C;8758;8983
3295;390U;1758;7985
3296;137U;3757;8972
3297;520R;8753;8938
3298;463C;1757;7979
3299;813L;3753;8930
3300;506X;8759;8998
3301;289O;1300;3665
3302;880P;3300;4622
3303;760X;8307;4621
3304;503H;1303;3616
3305;974M;3302;4608
3306;975Y;8305;4651
3307;751G;1304;3695
3308;718G;3308;4668
3309;979J;8304;4618
3310;703I;1306;3659
3311;198Z;3306;4202
3312;113T;8302;4201
3313;285R;1302;3275
3314;151V;3301;4232
3315;666V;8300;4228
3316;901A;1305;3256
3317;957F;3309;4248
3318;638C;8306;4288
3319;450K;1301;3245
3320;294I;3305;4262
3321;690M;8376;4261
3322;571Q;1372;3226
3323;082V;3372;4220
3324;486R;8371;4213
3325;923J;1370;3209
3326;798P;3375;4250
3327;018E;8379;4291
3328;922G;1376;3269
3329;711D;3371;4218
3330;145O;8375;4258
3331;115S;1330;3106
3332;206B;3330;4100
3333;110D;8337;4171
3334;171I;1333;3136
3335;200Q;3332;4128
3336;733G;8335;4153
3337;079B;1334;3149
3338;024V;3338;4188
3339;590R;8334;4141
3340;425X;1336;3166
3341;961H;3321;4010
3342;250C;8329;4093
3343;943F;1324;3046
3344;033K;3328;4082
3345;781Q;8328;4081
3346;661J;1327;3076
3347;130H;3323;4038
3348;439U;8327;4078
3349;167A;1323;3035
3350;870K;3329;4098
3351;561Q;8350;4561
3352;182B;1350;3526
3353;061K;3357;4520
3354;373A;8353;4513
3355;503N;1352;3509
3356;452H;3355;4550
3357;008P;8354;4591
3358;772C;1358;3569
3359;333Y;3354;4518
3360;110H;8356;4558
3361;831U;1341;3965
3362;646U;3349;4922
3363;669G;8344;4921
3364;489A;1348;3916
3365;915P;3348;4908
3366;263H;8347;4951
3367;896L;1343;3995
3368;029Y;3347;4968
3369;450N;8343;4918
3370;499B;1349;3959
3371;944L;3381;4610
3372;819V;8389;4693
3373;975W;1384;3646
3374;039G;3388;4682
3375;420S;8388;4681
3376;559T;1387;3676
3377;875W;3383;4638
3378;890B;8387;4678
3379;591G;1383;3635
3380;490P;3389;4698
3381;225P;8346;4111
3382;835S;1342;3196
3383;849V;3342;4142
3384;925S;8341;4183
3385;359F;1340;3185
3386;819D;3345;4172
3387;850S;8349;4138
3388;676E;1346;3179
3389;282H;3341;4130
3390;774C;8345;4198
3391;607T;1360;3515
3392;429E;3360;4592
3393;156A;8367;4543
3394;700Z;1363;3586
3395;762F;3362;4580
3396;834G;8365;4573
3397;293Y;1364;3539
3398;938E;3368;4578
3399;111H;8364;4531
3400;148U;1366;3599
3401;749Z;3216;6002
3402;063I;8212;6001
3403;998X;1212;9125
3404;996D;3211;6032
3405;893X;8210;6028
3406;912L;1215;9155
3407;168T;3219;6048
3408;707V;8216;6088
3409;304N;1211;9119
3410;885S;3215;6062
3411;678L;8290;6061
3412;841M;1290;9905
3413;458P;3297;6020
3414;653T;8293;6013
3415;233F;1292;9929
3416;132S;3295;6050
3417;655E;8294;6091
3418;762Z;1298;9989
3419;398I;3294;6018
3420;596U;8296;6058
3421;125A;1240;9406
3422;647B;3240;6722
3423;856L;8247;6721
3424;018M;1243;9436
3425;183X;3242;6708
3426;866D;8245;6751
3427;031J;1244;9449
3428;305B;3248;6768
3429;517Y;8244;6718
3430;496G;1246;9466
3431;596M;3280;6302
3432;874U;8280;6301
3433;145G;1287;9875
3434;632U;3283;6332
3435;088T;8282;6328
3436;083T;1285;9856
3437;222W;3284;6348
3438;449E;8288;6388
3439;578Y;1284;9845
3440;674P;3286;6362
3441;784E;8286;6211
3442;078L;1282;9826
3443;523Z;3282;6242
3444;111D;8281;6283
3445;594C;1280;9809
3446;024B;3285;6272
3447;516B;8289;6238
3448;825V;1286;9869
3449;699O;3281;6230
3450;643S;8285;6298
3451;275B;1270;9706
3452;034Z;3270;6500
3453;748H;8277;6571
3454;917T;1273;9736
3455;591J;3272;6528
3456;109B;8275;6553
3457;712L;1274;9749
3458;524B;3278;6588
3459;339F;8274;6541
3460;695V;1276;9766
3461;916O;3231;6410
3462;408K;8239;6493
3463;380Y;1234;9346
3464;271U;3238;6482
3465;528D;8238;6481
3466;949Y;1237;9376
3467;493Q;3233;6438
3468;387H;8237;6478
3469;041W;1233;9335
3470;567L;3239;6498
3471;704M;8271;6811
3472;730C;1279;9796
3473;330T;3274;6842
3474;100B;8278;6883
3475;488G;1278;9785
3476;216W;3277;6872
3477;667K;8273;6838
3478;268S;1277;9779
3479;964G;3273;6830
3480;260W;8279;6898
3481;613I;1236;9365
3482;878G;3232;6422
3483;237D;8232;6421
3484;088O;1231;9316
3485;743X;3230;6408
3486;601D;8235;6451
3487;250L;1239;9395
3488;853G;3236;6468
3489;201E;8231;6418
3490;179B;1235;9359
3491;708X;3291;6602
3492;857W;8299;6601
3493;458R;1294;9946
3494;041V;3298;6632
3495;714R;8298;6628
3496;621K;1297;9976
3497;831P;3293;6648
3498;630T;8297;6688
3499;781E;1293;9935
3500;992R;3299;6662
3501;871Y;8500;5004
3502;044K;1500;5006
3503;828Y;3507;5079
3504;364R;8503;5034
3505;556E;1502;5027
3506;181G;3505;5054
3507;560X;8504;5043
3508;403Z;1508;5087
3509;430A;3504;5049
3510;699X;8506;5064
3511;829N;1506;5066
3512;606I;3502;5024
3513;311T;8502;5021
3514;144E;1501;5018
3515;505V;3500;5003
3516;931X;8505;5051
3517;645R;1509;5096
3518;240F;3506;5063
3519;264I;8501;5013
3520;353A;1505;5057
3521;841A;3576;5769
3522;038N;8572;5724
3523;118J;1572;5726
3524;860P;3571;5714
3525;815A;8570;5703
3526;198H;1575;5756
3527;656X;3579;5799
3528;794E;8576;5763
3529;375Z;1571;5717
3530;266D;3575;5753
3531;299K;8530;5304
3532;861Y;1530;5306
3533;381V;3537;5379
3534;407Y;8533;5334
3535;055I;1532;5327
3536;619F;3535;5354
3537;716G;8534;5343
3538;299S;1538;5387
3539;576M;3534;5349
3540;901N;8536;5364
3541;664G;1521;5216
3542;129T;3529;5294
3543;828W;8524;5244
3544;877H;1528;5288
3545;817A;3528;5289
3546;741W;8527;5274
3547;662K;1523;5237
3548;281D;3527;5273
3549;005C;8523;5231
3550;838S;1529;5297
3551;669R;3550;5504
3552;490B;8550;5501
3553;078Z;1557;5576
3554;520O;3553;5534
3555;041D;8552;5523
3556;856D;1555;5558
3557;431V;3554;5543
3558;288L;8558;5583
3559;680U;1554;5546
3560;169A;3556;5564
3561;212K;8541;5411
3562;030Q;1549;5498
3563;798L;3544;5444
3564;223J;8548;5484
3565;944U;1548;5486
3566;564Q;3547;5474
3567;002S;8543;5433
3568;515U;1547;5477
3569;754U;3543;5439
3570;218H;8549;5493
3571;267B;1581;5816
3572;103T;3589;5894
3573;632D;8584;5844
3574;861L;1588;5888
3575;357Z;3588;5889
3576;805H;8587;5874
3577;416P;1583;5837
3578;414T;3587;5873
3579;855G;8583;5831
3580;707M;1589;5897
3581;091V;3546;5469
3582;512P;8542;5424
3583;353T;1542;5426
3584;857N;3541;5414
3585;250I;8540;5403
3586;430D;1545;5456
3587;217I;3549;5499
3588;280K;8546;5463
3589;742Y;1541;5417
3590;276E;3545;5453
3591;722N;8560;5604
3592;531K;1560;5606
3593;333B;3567;5679
3594;317H;8563;5634
3595;358P;1562;5627
3596;090Y;3565;5654
3597;075Q;8564;5643
3598;498P;1568;5687
3599;619B;3564;5649
3600;942Q;8566;5664
3601;626F;1416;4166
3602;858U;3412;4124
3603;727M;8412;4121
3604;527D;1411;4118
3605;324V;3410;4103
3606;960V;8415;4151
3607;723I;1419;4196
3608;992V;3416;4163
3609;927J;8411;4113
3610;392P;1415;4157
3611;775T;3490;4904
3612;817I;8490;4901
3613;365W;1497;4976
3614;982P;3493;4934
3615;160G;8492;4923
3616;115U;1495;4958
3617;514I;3494;4943
3618;027O;8498;4983
3619;268A;1494;4946
3620;430P;3496;4964
3621;307R;8440;4404
3622;149Q;1440;4406
3623;255C;3447;4479
3624;747S;8443;4434
3625;043Z;1442;4427
3626;606H;3445;4454
3627;994F;8444;4443
3628;257F;1448;4487
3629;069J;3444;4449
3630;388K;8446;4464
3631;185S;1480;4808
3632;361L;3480;4809
3633;303Y;8487;4871
3634;820P;1483;4838
3635;313P;3482;4823
3636;014Q;8485;4854
3637;011T;1484;4847
3638;303A;3488;4883
3639;678Y;8484;4841
3640;599L;1486;4868
3641;235L;3486;4869
3642;983Q;8482;4824
3643;942A;1482;4826
3644;666Y;3481;4814
3645;876Y;8480;4803
3646;450J;1485;4856
3647;734O;3489;4899
3648;709X;8486;4863
3649;841Z;1481;4817
3650;381Y;3485;4853
3651;144K;8470;4704
3652;410D;1470;4706
3653;805T;3477;4779
3654;853X;8473;4734
3655;172T;1472;4727
3656;895Y;3475;4754
3657;924E;8474;4743
3658;067L;1478;4787
3659;318R;3474;4749
3660;878S;8476;4764
3661;987E;1431;4316
3662;682F;3439;4394
3663;284K;8434;4344
3664;872W;1438;4388
3665;947U;3438;4389
3666;116L;8437;4374
3667;912U;1433;4337
3668;136C;3437;4373
3669;695D;8433;4331
3670;803P;1439;4397
3671;732T;3471;4719
3672;905O;8479;4794
3673;896U;1474;4748
3674;125M;3478;4784
3675;240U;8478;4781
3676;554W;1477;4778
3677;038G;3473;4733
3678;710C;8477;4773
3679;826M;1473;4736
3680;791T;3479;4793
3681;934A;8436;4361
3682;724F;1432;4328
3683;788X;3432;4329
3684;461C;8431;4314
3685;359W;1430;4307
3686;185E;3435;4359
3687;606G;8439;4391
3688;941D;1436;4367
3689;490Y;3431;4313
3690;986P;8435;4353
3691;400N;1491;4916
3692;649O;3499;4994
3693;522G;8494;4944
3694;697E;1498;4988
3695;510M;3498;4989
3696;442U;8497;4974
3697;424E;1493;4937
3698;613B;3497;4973
3699;370L;8493;4931
3700;441C;1499;4997
3701;487O;3816;8169
3702;369H;8812;8124
3703;480X;1812;8126
3704;932D;3811;8114
3705;194R;8810;8103
3706;611S;1815;8156
3707;991T;3819;8199
3708;508Z;8816;8163
3709;389R;1811;8117
3710;195P;3815;8153
3711;862L;8890;8904
3712;926D;1890;8906
3713;687W;3897;8979
3714;741S;8893;8934
3715;079K;1892;8927
3716;210D;3895;8954
3717;693E;8894;8943
3718;710P;1898;8987
3719;347X;3894;8949
3720;504O;8896;8964
3721;193S;1840;8408
3722;783J;3840;8409
3723;460J;8847;8471
3724;972N;1843;8438
3725;352L;3842;8423
3726;140R;8845;8454
3727;100R;1844;8447
3728;298F;3848;8483
3729;853J;8844;8441
3730;754I;1846;8468
3731;242T;3880;8804
3732;022Z;8880;8801
3733;478P;1887;8876
3734;099N;3883;8834
3735;257U;8882;8823
3736;833M;1885;8858
3737;578X;3884;8843
3738;113R;8888;8883
3739;315C;1884;8846
3740;361E;3886;8864
3741;610M;8886;8861
3742;506O;1882;8828
3743;226H;3882;8829
3744;511W;8881;8814
3745;318W;1880;8807
3746;301O;3885;8859
3747;726K;8889;8891
3748;713D;1886;8867
3749;390L;3881;8813
3750;579S;8885;8853
3751;912G;1870;8708
3752;597L;3870;8709
3753;851K;8877;8771
3754;892Y;1873;8738
3755;900Y;3872;8723
3756;089Y;8875;8754
3757;416E;1874;8747
3758;083X;3878;8783
3759;963X;8874;8741
3760;871D;1876;8768
3761;777H;3831;8319
3762;561X;8839;8394
3763;524I;1834;8348
3764;778P;3838;8384
3765;010E;8838;8381
3766;839S;1837;8378
3767;099P;3833;8333
3768;744H;8837;8373
3769;016T;1833;8336
3770;919L;3839;8393
3771;920R;8871;8711
3772;520J;1879;8798
3773;113X;3874;8744
3774;507J;8878;8784
3775;912P;1878;8786
3776;673V;3877;8774
3777;490O;8873;8733
3778;894C;1877;8777
3779;565N;3873;8739
3780;288Y;8879;8793
3781;668F;1836;8366
3782;046S;3832;8324
3783;697Z;8832;8321
3784;920L;1831;8318
3785;635Y;3830;8303
3786;257S;8835;8351
3787;975F;1839;8396
3788;966A;3836;8363
3789;556H;8831;8313
3790;410O;1835;8357
3791;511U;3891;8919
3792;008H;8899;8994
3793;187D;1894;8948
3794;303J;3898;8984
3795;939U;8898;8981
3796;990T;1897;8978
3797;076F;3893;8933
3798;568A;8897;8973
3799;710E;1893;8936
3800;718U;3899;8993
3801;578I;8466;4661
3802;611F;1462;4628
3803;709N;3462;4629
3804;361V;8461;4614
3805;399H;1460;4607
3806;003F;3465;4659
3807;283Z;8469;4691
3808;625K;1466;4667
3809;337Q;3461;4613
3810;840W;8465;4653
3811;237S;1420;4208
3812;881V;3420;4209
3813;984E;8427;4271
3814;082O;1423;4238
3815;674R;3422;4223
3816;157Q;8425;4254
3817;937B;1424;4247
3818;420R;3428;4283
3819;912X;8424;4241
3820;005Y;1426;4268
3821;731O;3426;4269
3822;353C;8422;4224
3823;441V;1422;4226
3824;465C;3421;4214
3825;595J;8420;4203
3826;722P;1425;4256
3827;678I;3429;4299
3828;607G;8426;4263
3829;637M;1421;4217
3830;174C;3425;4253
3831;666A;8410;4104
3832;031Y;1410;4106
3833;421U;3417;4179
3834;141J;8413;4134
3835;683A;1412;4127
3836;179X;3415;4154
3837;308T;8414;4143
3838;294D;1418;4187
3839;559N;3414;4149
3840;290N;8416;4164
3841;458A;1401;4016
3842;006Q;3409;4094
3843;730T;8404;4044
3844;078Y;1408;4088
3845;414Z;3408;4089
3846;495M;8407;4074
3847;457Q;1403;4037
3848;634U;3407;4073
3849;420B;8403;4031
3850;134Y;1409;4097
3851;516N;3456;4569
3852;248E;8452;4524
3853;887R;1452;4526
3854;209U;3451;4514
3855;347G;8450;4503
3856;868A;1455;4556
3857;289L;3459;4599
3858;397Z;8456;4563
3859;380C;1451;4517
3860;220G;3455;4553
3861;063Q;8496;4961
3862;238P;1492;4928
3863;459E;3492;4929
3864;779W;8491;4914
3865;449P;1490;4907
3866;954J;3495;4959
3867;651I;8499;4991
3868;856T;1496;4967
3869;465I;3491;4913
3870;175F;8495;4953
3871;591D;1461;4616
3872;986T;3469;4694
3873;268G;8464;4644
3874;657Z;1468;4688
3875;253G;3468;4689
3876;237C;8467;4674
3877;047P;1463;4637
3878;764I;3467;4673
3879;977E;8463;4631
3880;005O;1469;4697
3881;413A;3411;4119
3882;090C;8419;4194
3883;931Z;1414;4148
3884;266A;3418;4184
3885;244G;8418;4181
3886;444G;1417;4178
3887;629Z;3413;4133
3888;703B;8417;4173
3889;174G;1413;4136
3890;663X;3419;4193
3891;116D;8451;4511
3892;291S;1459;4598
3893;993N;3454;4544
3894;973R;8458;4584
3895;875T;1458;4586
3896;292O;3457;4574
3897;878L;8453;4533
3898;062I;1457;4577
3899;769S;3453;4539
3900;135Q;8459;4593
3901;673H;1600;6008
3902;776P;3600;6009
3903;237L;8607;6071
3904;972H;1603;6038
3905;667P;3602;6023
3906;394Y;8605;6054
3907;078R;1604;6047
3908;395C;3608;6083
3909;733P;8604;6041
3910;643F;1606;6068
3911;901C;3606;6069
3912;690W;8602;6024
3913;808K;1602;6026
3914;336V;3601;6014
3915;252A;8600;6003
3916;692D;1605;6056
3917;618Q;3609;6099
3918;413W;8606;6063
3919;823Z;1601;6017
3920;951B;3605;6053
3921;256X;8676;6761
3922;813D;1672;6728
3923;906K;3672;6729
3924;747E;8671;6714
3925;716U;1670;6707
3926;586R;3675;6759
3927;982E;8679;6791
3928;221B;1676;6767
3929;269K;3671;6713
3930;960D;8675;6753
3931;364H;1630;6308
3932;656D;3630;6309
3933;660B;8637;6371
3934;827X;1633;6338
3935;110U;3632;6323
3936;576F;8635;6354
3937;998E;1634;6347
3938;927I;3638;6383
3939;037S;8634;6341
3940;955N;1636;6368
3941;404R;3621;6219
3942;499I;8629;6294
3943;644F;1624;6248
3944;360N;3628;6284
3945;640M;8628;6281
3946;594K;1627;6278
3947;788J;3623;6233
3948;321P;8627;6273
3949;215B;1623;6236
3950;360Z;3629;6293
3951;323Z;8650;6504
3952;269D;1650;6506
3953;132Z;3657;6579
3954;664E;8653;6534
3955;041X;1652;6527
3956;630S;3655;6554
3957;343F;8654;6543
3958;188W;1658;6587
3959;176Y;3654;6549
3960;675K;8656;6564
3961;357F;1641;6416
3962;553G;3649;6494
3963;264T;8644;6444
3964;301Z;1648;6488
3965;489N;3648;6489
3966;908Z;8647;6474
3967;149G;1643;6437
3968;787Z;3647;6473
3969;000D;8643;6431
3970;844K;1649;6497
3971;124F;3681;6819
3972;405R;8689;6894
3973;284E;1684;6848
3974;674A;3688;6884
3975;250P;8688;6881
3976;629N;1687;6878
3977;129P;3683;6833
3978;981D;8687;6873
3979;818U;1683;6836
3980;899J;3689;6893
3981;288J;8646;6461
3982;604C;1642;6428
3983;846I;3642;6429
3984;718I;8641;6414
3985;192A;1640;6407
3986;765Y;3645;6459
3987;010S;8649;6491
3988;034Q;1646;6467
3989;328U;3641;6413
3990;193G;8645;6453
3991;199W;1660;6608
3992;213W;3660;6609
3993;242Y;8667;6671
3994;107L;1663;6638
3995;947L;3662;6623
3996;477A;8665;6654
3997;534W;1664;6647
3998;432F;3668;6683
3999;704W;8664;6641
4000;981A;1666;6668
4001;298V;2166;7003
4002;701D;8662;5002
4003;027M;0162;7070
4004;578M;2161;7033
4005;278C;8660;5029
4006;863M;0165;7052
4007;788K;2169;7048
4008;712Y;8666;5089
4009;530P;0161;7040
4010;372W;2165;7063
4011;480S;8620;5062
4012;586Y;0120;7022
4013;301D;2127;7021
4014;961C;8623;5010
4015;797F;0122;7008
4016;924O;2125;7051
4017;968M;8624;5092
4018;101K;0128;7068
4019;054R;2124;7018
4020;676Z;8626;5059
4021;993V;0126;7760
4022;257N;2122;7723
4023;157A;8622;5722
4024;058W;0121;7712
4025;076P;2120;7708
4026;391R;8625;5752
4027;246M;0129;7790
4028;749G;2126;7768
4029;706N;8621;5719
4030;205Q;0125;7758
4031;340Y;2110;7303
4032;893H;8610;5302
4033;339Z;0117;7370
4034;685M;2113;7333
4035;989P;8612;5329
4036;563O;0115;7352
4037;107X;2114;7348
4038;187Q;8618;5389
4039;820D;0114;7340
4040;811A;2116;7363
4041;308S;8601;5212
4042;688J;0109;7292
4043;259M;2104;7243
4044;175H;8608;5280
4045;442L;0108;7280
4046;342K;2107;7273
4047;817T;8603;5239
4048;953Y;0107;7278
4049;235G;2103;7231
4050;550V;8609;5299
4051;715K;0156;7502
4052;180G;2152;7501
4053;768Q;8652;5572
4054;564J;0151;7532
4055;078T;2150;7528
4056;770P;8655;5550
4057;583S;0159;7548
4058;346S;2156;7588
4059;484V;8651;5542
4060;963F;0155;7562
4061;165H;2196;7411
4062;025Z;8692;5490
4063;949F;0192;7442
4064;688T;2191;7483
4065;109Y;8690;5482
4066;133C;0195;7472
4067;947T;2199;7438
4068;324R;8696;5479
4069;531A;0191;7430
4070;158B;2195;7498
4071;337S;8661;5812
4072;973K;0169;7892
4073;790S;2164;7843
4074;134O;8668;5880
4075;917A;0168;7880
4076;851G;2167;7873
4077;779D;8663;5839
4078;825R;0167;7878
4079;864A;2163;7831
4080;439V;8669;5899
4081;620L;0111;7460
4082;492K;2119;7423
4083;158A;8614;5422
4084;080N;0118;7412
4085;953X;2118;7408
4086;128C;8617;5452
4087;645I;0113;7490
4088;971N;2117;7468
4089;825F;8613;5419
4090;474T;0119;7458
4091;634J;2151;7603
4092;954K;8659;5602
4093;929C;0154;7670
4094;109X;2158;7633
4095;952O;8658;5629
4096;513J;0157;7652
4097;543O;2153;7648
4098;249C;8657;5689
4099;949A;0153;7640
4100;388O;2159;7663
4101;331K;8200;4162
4102;409E;0900;3122
4103;935I;2907;3121
4104;933I;8203;4110
4105;562C;0902;3108
4106;788O;2905;3151
4107;232F;8204;4192
4108;150S;0908;3168
4109;079Z;2904;3118
4110;966D;8206;4159
4111;152Y;0906;3902
4112;149X;2902;3901
4113;166K;8202;4972
4114;258L;0901;3932
4115;554N;2900;3928
4116;829H;8205;4950
4117;251R;0909;3948
4118;384O;2906;3988
4119;887C;8201;4942
4120;379M;0905;3962
4121;460L;2976;3403
4122;351D;8272;4402
4123;640Q;0972;3470
4124;686A;2971;3433
4125;161M;8270;4429
4126;028T;0975;3452
4127;558B;2979;3448
4128;173N;8276;4489
4129;522S;0971;3440
4130;053T;2975;3463
4131;224F;8230;4800
4132;409I;0930;3800
4133;428T;2937;3871
4134;155B;8233;4830
4135;132T;0932;3828
4136;213L;2935;3853
4137;622S;8234;4849
4138;324Y;0938;3888
4139;355I;2934;3841
4140;949V;8236;4860
4141;445G;0921;3860
4142;229H;2929;3823
4143;187N;8224;4822
4144;480Q;0928;3812
4145;298O;2928;3808
4146;329Q;8227;4852
4147;920X;0923;3890
4148;107J;2927;3868
4149;299Z;8223;4819
4150;350F;0929;3858
4151;304D;2950;3703
4152;143Q;8250;4702
4153;141T;0957;3770
4154;291K;2953;3733
4155;606S;8252;4729
4156;730A;0955;3752
4157;759L;2954;3748
4158;269V;8258;4789
4159;012A;0954;3740
4160;915H;2956;3763
4161;186R;8241;4312
4162;797P;0949;3392
4163;483R;2944;3343
4164;449X;8248;4380
4165;775W;0948;3380
4166;607R;2947;3373
4167;298I;8243;4339
4168;737B;0947;3378
4169;529Y;2943;3331
4170;247F;8249;4399
4171;551B;0981;3710
4172;968X;2989;3793
4173;706F;8284;4740
4174;431T;0988;3782
4175;518V;2988;3781
4176;271K;8287;4770
4177;120D;0983;3738
4178;666R;2987;3778
4179;298Z;8283;4732
4180;117S;0989;3798
4181;017C;2946;3361
4182;066D;8242;4320
4183;771Q;0942;3320
4184;575R;2941;3313
4185;874A;8240;4309
4186;236O;0945;3350
4187;881Z;2949;3391
4188;352K;8246;4369
4189;218G;0941;3318
4190;297E;2945;3358
4191;964O;8260;4912
4192;015J;0960;3992
4193;694Q;2967;3943
4194;322G;8263;4980
4195;418P;0962;3980
4196;801B;2965;3973
4197;001B;8264;4939
4198;308K;0968;3978
4199;888W;2964;3931
4200;291P;8266;4999
4201;640X;0400;7160
4202;583H;2400;7123
4203;198Q;8262;8122
4204;238X;0403;7112
4205;443J;2402;7108
4206;838U;8265;8152
4207;506L;0404;7190
4208;410H;2408;7168
4209;060B;8261;8119
4210;905K;0406;7158
4211;084F;2406;7903
4212;290Y;8220;8902
4213;248R;0402;7970
4214;980L;2401;7933
4215;291F;8222;8929
4216;197M;0405;7952
4217;478E;2409;7948
4218;074N;8228;8989
4219;230N;0401;7940
4220;573X;2405;7963
4221;510C;8226;8400
4222;836V;0472;7400
4223;505G;2472;7471
4224;229Z;8221;8430
4225;688F;0470;7428
4226;619I;2475;7453
4227;954S;8229;8449
4228;506Q;0476;7488
4229;837K;2471;7441
4230;223L;8225;8460
4231;621F;0430;7802
4232;307C;2430;7801
4233;817F;8217;8872
4234;295D;0433;7832
4235;466L;2432;7828
4236;996U;8215;8850
4237;126P;0434;7848
4238;572D;2438;7888
4239;045F;8214;8842
4240;966K;0436;7862
4241;549C;2421;7861
4242;636G;8209;8820
4243;748J;0424;7820
4244;323Q;2428;7813
4245;605N;8208;8809
4246;089N;0427;7850
4247;199F;2423;7891
4248;430T;8207;8869
4249;217D;0423;7818
4250;968W;2429;7858
4251;204P;8256;8700
4252;173D;0450;7700
4253;936W;2457;7771
4254;944K;8251;8730
4255;099J;0452;7728
4256;011S;2455;7753
4257;631C;8259;8749
4258;177B;0458;7788
4259;471Q;2454;7741
4260;044Q;8255;8760
4261;703M;0441;7310
4262;834O;2449;7393
4263;623C;8292;8340
4264;303K;0448;7382
4265;471Y;2448;7381
4266;495D;8295;8370
4267;852N;0443;7338
4268;371Z;2447;7378
4269;469L;8291;8332
4270;910I;0449;7398
4271;954Z;2481;7711
4272;524E;8269;8790
4273;993I;0484;7742
4274;459Q;2488;7783
4275;210E;8268;8782
4276;787D;0487;7772
4277;006X;2483;7738
4278;200H;8267;8779
4279;926M;0483;7730
4280;853M;2489;7798
4281;520D;8211;8362
4282;115B;0442;7322
4283;396N;2442;7321
4284;949S;8218;8310
4285;694S;0440;7308
4286;604F;2445;7351
4287;222R;8213;8392
4288;214E;0446;7368
4289;924S;2441;7318
4290;501G;8219;8359
4291;411Q;0460;7910
4292;799W;2460;7993
4293;109M;8254;8940
4294;526F;0463;7982
4295;618J;2462;7981
4296;782B;8257;8970
4297;248Q;0464;7938
4298;725J;2468;7978
4299;406J;8253;8932
4300;357C;0466;7998
4301;428W;2800;3661
4302;232Y;8100;4620
4303;069Z;0807;3620
4304;368W;2803;3613
4305;291U;8102;4609
4306;944C;0805;3650
4307;733A;2804;3691
4308;975B;8108;4669
4309;400Z;0804;3618
4310;362Q;2806;3658
4311;320J;8106;4200
4312;486W;0802;3200
4313;329K;2802;3271
4314;032M;8101;4230
4315;352O;0800;3228
4316;859Z;2805;3253
4317;502F;8109;4249
4318;147Y;0806;3288
4319;426O;2801;3241
4320;171C;8105;4260
4321;640H;0876;3260
4322;276C;2872;3223
4323;037D;8172;4222
4324;470Z;0871;3212
4325;501W;2870;3208
4326;080F;8175;4252
4327;086I;0879;3290
4328;519N;2876;3268
4329;013V;8171;4219
4330;617R;0875;3258
4331;168B;2830;3103
4332;680A;8130;4102
4333;758W;0837;3170
4334;046M;2833;3133
4335;766D;8132;4129
4336;447Q;0835;3152
4337;111C;2834;3148
4338;142D;8138;4189
4339;613F;0834;3140
4340;641Y;2836;3163
4341;433C;8121;4012
4342;988S;0829;3092
4343;885C;2824;3043
4344;966W;8128;4080
4345;203N;0828;3080
4346;608Y;2827;3073
4347;545Z;8123;4039
4348;871L;0827;3078
4349;210R;2823;3031
4350;820Q;8129;4099
4351;619U;0850;3560
4352;768W;2850;3523
4353;533Q;8157;4522
4354;280Y;0853;3512
4355;711M;2852;3508
4356;975D;8155;4552
4357;062W;0854;3590
4358;411P;2858;3568
4359;473S;8154;4519
4360;387C;0856;3558
4361;661B;2841;3961
4362;117D;8149;4920
4363;816I;0844;3920
4364;551S;2848;3913
4365;281Q;8148;4909
4366;047I;0847;3950
4367;179U;2843;3991
4368;643Y;8147;4969
4369;862Y;0843;3918
4370;573G;2849;3958
4371;345L;8181;4612
4372;258U;0889;3692
4373;632N;2884;3643
4374;307T;8188;4680
4375;789Y;0888;3680
4376;275L;2887;3673
4377;486Q;8183;4639
4378;371W;0887;3678
4379;806R;2883;3631
4380;370M;8189;4699
4381;320F;0846;3110
4382;291C;2842;3193
4383;163R;8142;4140
4384;208V;0841;3182
4385;770H;2840;3181
4386;355H;8145;4170
4387;446K;0849;3138
4388;872B;2846;3178
4389;382H;8141;4132
4390;225U;0845;3198
4391;157N;2860;3511
4392;296S;8160;4590
4393;041Y;0867;3542
4394;277A;2863;3583
4395;299E;8162;4582
4396;444C;0865;3572
4397;841S;2864;3538
4398;301C;8168;4579
4399;861J;0864;3530
4400;441T;2866;3598
4401;580C;8016;6000
4402;978U;0862;9122
4403;526Y;2862;9121
4404;293R;8011;6030
4405;610E;0860;9108
4406;895E;2865;9151
4407;373R;8019;6049
4408;707Y;0866;9168
4409;978C;2861;9118
4410;621N;8015;6060
4411;224R;0820;9902
4412;837O;2820;9901
4413;111O;8097;6022
4414;242P;0823;9932
4415;417I;2822;9928
4416;758M;8095;6052
4417;437F;0824;9948
4418;343L;2828;9988
4419;028I;8094;6019
4420;256P;0826;9962
4421;049Y;2826;9403
4422;945L;8040;6720
4423;018B;0822;9470
4424;256E;2821;9433
4425;387Z;8042;6709
4426;501K;0825;9452
4427;851D;2829;9448
4428;315F;8048;6769
4429;548Y;0821;9440
4430;966U;2825;9463
4431;617X;8080;6300
4432;465F;0810;9800
4433;295O;2817;9871
4434;485U;8083;6330
4435;025C;0812;9828
4436;035U;2815;9853
4437;531Z;8084;6349
4438;026F;0818;9888
4439;951Y;2814;9841
4440;607U;8086;6360
4441;440E;0801;9860
4442;734Z;2809;9823
4443;552L;8082;6240
4444;878X;0808;9812
4445;935P;2808;9808
4446;375U;8085;6270
4447;639Y;0803;9890
4448;497M;2807;9868
4449;422O;8081;6232
4450;978V;0809;9858
4451;685X;2856;9703
4452;959W;8070;6502
4453;202N;0852;9770
4454;002K;2851;9733
4455;210J;8072;6529
4456;565C;0855;9752
4457;335W;2859;9748
4458;132X;8078;6589
4459;920O;0851;9740
4460;439B;2855;9763
4461;214X;8031;6412
4462;954F;0892;9392
4463;896T;2892;9343
4464;457S;8038;6480
4465;913G;0890;9380
4466;262U;2895;9373
4467;876E;8033;6439
4468;628H;0896;9378
4469;327I;2891;9331
4470;858X;8039;6499
4471;754R;0861;9710
4472;753N;2869;9793
4473;258A;8074;6840
4474;908Q;0868;9782
4475;395D;2868;9781
4476;218W;8077;6870
4477;157E;0863;9738
4478;646E;2867;9778
4479;366H;8073;6832
4480;483B;0869;9798
4481;406N;2811;9361
4482;203D;8032;6420
4483;560Q;0814;9320
4484;064A;2818;9313
4485;032B;8030;6409
4486;149V;0817;9350
4487;292L;2813;9391
4488;647F;8036;6469
4489;650C;0813;9318
4490;497R;2819;9358
4491;046G;8091;6600
4492;402Y;0859;9992
4493;191G;2854;9943
4494;362G;8098;6630
4495;190O;0858;9980
4496;144G;2857;9973
4497;882O;8093;6649
4498;840E;0857;9978
4499;617E;2853;9931
4500;825A;8099;6660
4501;263N;0700;5005
4502;844E;2700;5624
4503;066C;8562;5075
4504;214Z;0703;5035
4505;232Z;2702;5603
4506;898D;8565;5056
4507;155U;0704;5047
4508;424J;2708;5663
4509;715R;8561;5045
4510;602N;0706;5065
4511;103X;2706;5204
4512;164U;8520;5026
4513;793M;0702;5025
4514;084P;2701;5234
4515;809Y;8522;5009
4516;328Y;0705;5055
4517;971F;2709;5243
4518;157G;8528;5069
4519;208Q;0701;5017
4520;828S;2705;5264
4521;375I;8526;5765
4522;272U;0772;5725
4523;870F;2772;5229
4524;028H;8521;5716
4525;122N;0770;5707
4526;562X;2775;5259
4527;424G;8529;5795
4528;581N;0776;5767
4529;940L;2771;5213
4530;946V;8525;5759
4531;965W;0730;5305
4532;303S;2730;5109
4533;723G;8517;5375
4534;837T;0733;5335
4535;980Z;2732;5123
4536;681V;8515;5356
4537;173V;0734;5347
4538;776A;2738;5183
4539;414C;8514;5345
4540;550Z;0736;5365
4541;508M;2721;5019
4542;896B;8509;5296
4543;306V;0724;5245
4544;215A;2728;5084
4545;042V;8508;5285
4546;062Z;0727;5275
4547;866E;2723;5033
4548;187C;8507;5279
4549;950B;0723;5235
4550;282K;2729;5093
4551;460B;8556;5506
4552;986C;0750;5505
4553;204K;2757;5529
4554;494N;8551;5536
4555;969W;0752;5527
4556;152L;2755;5559
4557;657B;8559;5549
4558;480P;0758;5587
4559;180M;2754;5513
4560;150A;8555;5566
4561;469J;0741;5415
4562;746W;2749;5924
4563;395U;8592;5446
4564;387S;0748;5485
4565;437D;2748;5903
4566;346O;8595;5476
4567;595B;0743;5437
4568;532I;2747;5963
4569;525N;8591;5435
4570;412Y;0749;5497
4571;330I;2781;5619
4572;299Y;8569;5896
4573;059L;0784;5845
4574;433N;2788;5684
4575;638M;8568;5885
4576;993Z;0787;5875
4577;124Z;2783;5633
4578;278K;8567;5879
4579;668K;0783;5835
4580;318J;2789;5693
4581;550U;8511;5465
4582;979V;0742;5425
4583;375K;2742;5144
4584;180W;8518;5416
4585;036P;0740;5407
4586;437J;2745;5174
4587;267O;8513;5495
4588;604H;0746;5467
4589;232X;2741;5139
4590;631Q;8519;5459
4591;480D;0760;5605
4592;615B;2760;5594
4593;818M;8554;5675
4594;467S;0763;5635
4595;208D;2762;5589
4596;255A;8557;5656
4597;933M;0764;5647
4598;350B;2768;5573
4599;815I;8553;5645
4600;646R;0766;5665
4601;699K;2316;9669
4602;327B;8962;4126
4603;763V;0312;4125
4604;507O;2311;9614
4605;764K;8960;4109
4606;108Z;0315;4155
4607;644C;2319;9699
4608;793P;8966;4169
4609;676N;0311;4117
4610;711E;2315;9653
4611;795C;8920;4906
4612;627Q;0390;4905
4613;208K;2397;9279
4614;858B;8923;4936
4615;800U;0392;4927
4616;528U;2395;9254
4617;455O;8924;4949
4618;094J;0398;4987
4619;777S;2394;9249
4620;614L;8926;4966
4621;098W;0340;4405
4622;923V;2340;9224
4623;601X;8922;4475
4624;944M;0343;4435
4625;379Y;2342;9203
4626;191M;8925;4456
4627;936P;0344;4447
4628;597U;2348;9263
4629;278F;8921;4445
4630;654T;0346;4465
4631;100J;2380;9104
4632;660M;8910;4805
4633;746N;0387;4875
4634;087L;2383;9134
4635;777J;8912;4829
4636;709U;0385;4855
4637;710Y;2384;9143
4638;901X;8918;4889
4639;282Y;0384;4845
4640;992J;2386;9164
4641;322S;8901;4865
4642;830A;0382;4825
4643;408X;2382;9044
4644;326S;8908;4816
4645;480U;0380;4807
4646;356Y;2385;9074
4647;021N;8903;4895
4648;494G;0386;4867
4649;824S;2381;9039
4650;845K;8909;4859
4651;580D;0370;4705
4652;873K;2370;9524
4653;603J;8952;4775
4654;589U;0373;4735
4655;548H;2372;9503
4656;403S;8955;4756
4657;933B;0374;4747
4658;265I;2378;9563
4659;529P;8951;4745
4660;967H;0376;4765
4661;745T;2331;9969
4662;468I;8992;4396
4663;573F;0334;4345
4664;700X;2338;9914
4665;274R;8990;4385
4666;755L;0337;4375
4667;670G;2333;9999
4668;789J;8996;4379
4669;811Z;0333;4335
4670;133I;2339;9953
4671;444Z;8961;4715
4672;801L;0379;4795
4673;091Z;2374;9644
4674;566H;8968;4786
4675;165Z;0378;4785
4676;123E;2377;9674
4677;504F;8963;4739
4678;508H;0377;4777
4679;166Z;2373;9639
4680;778K;8969;4799
4681;158H;0336;4365
4682;452Q;2332;9194
4683;791Z;8914;4325
4684;382S;0331;4315
4685;575V;2330;9189
4686;479Q;8917;4355
4687;239B;0339;4395
4688;632L;2336;9173
4689;864Y;8913;4319
4690;000O;0335;4357
4691;378V;2391;9519
4692;251X;8959;4996
4693;291H;0394;4945
4694;009W;2398;9584
4695;329D;8958;4985
4696;169E;0397;4975
4697;109S;2393;9533
4698;315E;8957;4979
4699;888R;0393;4935
4700;399C;2399;9593
4701;352V;8616;8165
4702;528L;0712;8125
4703;425C;2712;6129
4704;423M;8611;8116
4705;097T;0710;8107
4706;199B;2715;6159
4707;354W;8619;8195
4708;474V;0716;8167
4709;460F;2711;6113
4710;735X;8615;8159
4711;708T;0790;8905
4712;270U;2790;6909
4713;053L;8697;8975
4714;026Q;0793;8935
4715;956O;2792;6923
4716;654J;8695;8956
4717;316X;0794;8947
4718;746O;2798;6983
4719;193O;8694;8945
4720;912W;0796;8965
4721;981O;2740;6404
4722;906H;8640;8405
4723;423N;0747;8475
4724;713A;2743;6434
4725;362I;8642;8429
4726;021T;0745;8455
4727;724R;2744;6443
4728;045X;8648;8489
4729;509X;0744;8445
4730;385I;2746;6464
4731;265J;8680;8806
4732;337C;0780;8805
4733;117Y;2787;6879
4734;775C;8683;8836
4735;193W;0782;8827
4736;116C;2785;6854
4737;717A;8684;8849
4738;591K;0788;8887
4739;096K;2784;6849
4740;214N;8686;8866
4741;801C;0786;8865
4742;072Y;2782;6824
4743;349G;8682;8825
4744;304V;0781;8815
4745;915A;2780;6803
4746;724L;8685;8855
4747;419N;0789;8895
4748;978G;2786;6863
4749;577E;8681;8819
4750;594J;0785;8857
4751;179C;2770;6704
4752;564F;8670;8705
4753;307Q;0777;8775
4754;302W;2773;6734
4755;002B;8672;8729
4756;401R;0775;8755
4757;819S;2774;6743
4758;454O;8678;8789
4759;433P;0774;8745
4760;418U;2776;6764
4761;036I;8631;8315
4762;600Z;0739;8395
4763;252Z;2734;6344
4764;252C;8638;8386
4765;818E;0738;8385
4766;652V;2737;6374
4767;731Z;8633;8339
4768;816G;0737;8377
4769;486O;2733;6339
4770;773N;8639;8399
4771;598C;0771;8715
4772;306S;2779;6794
4773;029M;8674;8746
4774;304B;0778;8785
4775;703O;2778;6789
4776;532B;8677;8776
4777;586D;0773;8737
4778;852M;2777;6773
4779;298Y;8673;8735
4780;622A;0779;8797
4781;893N;2736;6369
4782;606Z;8632;8326
4783;181R;0732;8325
4784;164R;2731;6314
4785;079N;8630;8309
4786;227W;0735;8355
4787;853O;2739;6399
4788;646I;8636;8369
4789;326J;0731;8317
4790;991S;2735;6353
4791;553W;8691;8915
4792;889S;0799;8995
4793;281E;2794;6944
4794;584D;8698;8986
4795;630Z;0798;8985
4796;741D;2797;6974
4797;605U;8693;8939
4798;558U;0797;8977
4799;632V;2793;6939
4800;923R;8699;8999
4801;796Y;0366;4665
4802;921K;2362;1124
4803;482I;8112;4625
4804;552G;0361;4615
4805;882Y;2360;1103
4806;622P;8115;4655
4807;518Q;0369;4695
4808;705E;2366;1163
4809;261K;8111;4619
4810;247C;0365;4657
4811;306D;2320;1904
4812;626M;8190;4205
4813;307I;0327;4275
4814;387I;2323;1934
4815;969E;8192;4229
4816;881U;0325;4255
4817;602C;2324;1943
4818;626N;8198;4289
4819;817X;0324;4245
4820;459X;2326;1964
4821;608E;8140;4265
4822;624Q;0322;4225
4823;038C;2322;1479
4824;012Y;8143;4216
4825;548L;0320;4207
4826;467I;2325;1454
4827;274I;8144;4295
4828;214W;0326;4267
4829;877E;2321;1449
4830;315N;8146;4259
4831;654O;0310;4105
4832;023C;2310;1809
4833;436U;8187;4175
4834;858V;0313;4135
4835;952A;2312;1823
4836;275T;8185;4156
4837;792A;0314;4147
4838;450U;2318;1883
4839;499O;8184;4145
4840;265V;0316;4165
4841;497Q;2301;1869
4842;383U;8182;4096
4843;668E;0304;4045
4844;938I;2308;1814
4845;229L;8180;4085
4846;999R;0307;4075
4847;027Y;2303;1899
4848;903U;8186;4079
4849;845G;0303;4035
4850;027X;2309;1853
4851;666B;8170;4565
4852;808D;0352;4525
4853;832T;2352;1779
4854;909H;8173;4516
4855;011N;0350;4507
4856;708D;2355;1754
4857;467G;8174;4595
4858;287P;0356;4567
4859;804N;2351;1749
4860;418V;8176;4559
4861;464K;0396;4965
4862;177S;2392;1394
4863;204Q;8134;4925
4864;355W;0391;4915
4865;801Y;2390;1389
4866;706W;8137;4955
4867;511V;0399;4995
4868;143R;2396;1373
4869;389P;8133;4919
4870;073L;0395;4957
4871;052H;2361;1719
4872;155P;8179;4696
4873;898T;0364;4645
4874;528O;2368;1784
4875;927W;8178;4685
4876;784S;0367;4675
4877;413C;2363;1733
4878;846U;8177;4679
4879;104J;0363;4635
4880;453R;2369;1793
4881;948G;8136;4115
4882;496K;0319;4195
4883;903F;2314;1329
4884;246L;8131;4186
4885;375Y;0318;4185
4886;572G;2317;1359
4887;699L;8139;4139
4888;335F;0317;4177
4889;220K;2313;1313
4890;275O;8135;4199
4891;053E;0351;4515
4892;808H;2359;1994
4893;622Y;8194;4546
4894;632G;0358;4585
4895;644V;2358;1989
4896;659Z;8197;4576
4897;705P;0353;4537
4898;655V;2357;1973
4899;478A;8193;4535
4900;639I;0359;4597
4901;628T;2916;5169
4902;085R;8512;6005
4903;493U;0912;6075
4904;302X;2911;5114
4905;275I;8510;6029
4906;398C;0915;6055
4907;955B;2919;5199
4908;809Q;8516;6089
4909;038V;0911;6045
4910;779V;2915;5153
4911;027G;8590;6065
4912;091W;0990;6025
4913;014H;2997;5979
4914;891W;8593;6016
4915;633W;0992;6007
4916;598Z;2995;5954
4917;174X;8594;6095
4918;991O;0998;6067
4919;641J;2994;5949
4920;098Y;8596;6059
4921;828A;0940;6765
4922;922M;2940;5409
4923;280L;8547;6725
4924;870N;0943;6715
4925;637S;2942;5423
4926;705C;8545;6755
4927;151Z;0944;6795
4928;212G;2948;5483
4929;240D;8544;6719
4930;969L;0946;6757
4931;552O;2980;5804
4932;805R;8580;6305
4933;074P;0987;6375
4934;242F;2983;5834
4935;276Z;8582;6329
4936;011F;0985;6355
4937;498M;2984;5843
4938;793D;8588;6389
4939;681R;0984;6345
4940;880T;2986;5864
4941;922H;8586;6215
4942;635S;0982;6295
4943;526J;2982;5829
4944;727B;8581;6286
4945;258O;0980;6285
4946;431H;2985;5859
4947;010C;8589;6239
4948;296Z;0986;6277
4949;698Y;2981;5813
4950;084J;8585;6299
4951;517P;0970;6505
4952;613R;2970;5709
4953;913W;8577;6575
4954;015A;0973;6535
4955;719H;2972;5723
4956;144A;8575;6556
4957;871G;0974;6547
4958;112V;2978;5783
4959;163U;8574;6545
4960;830I;0976;6565
4961;441E;2931;5319
4962;004X;8539;6496
4963;380M;0934;6445
4964;253B;2938;5384
4965;499N;8538;6485
4966;254P;0937;6475
4967;515N;2933;5333
4968;415K;8537;6479
4969;913T;0933;6435
4970;898E;2939;5393
4971;880A;8571;6815
4972;840O;0979;6895
4973;944E;2974;5744
4974;888E;8578;6886
4975;697N;0978;6885
4976;634O;2977;5774
4977;094H;8573;6839
4978;694O;0977;6877
4979;363V;2973;5739
4980;174M;8579;6899
4981;536P;0936;6465
4982;505H;2932;5324
4983;095J;8532;6425
4984;723U;0931;6415
4985;101N;2930;5303
4986;843Y;8535;6455
4987;381M;0939;6495
4988;808N;2936;5363
4989;038E;8531;6419
4990;687M;0935;6457
4991;475O;2991;5919
4992;394J;8599;6605
4993;535T;0994;6675
4994;989V;2998;5984
4995;212J;8598;6629
4996;147D;0997;6655
4997;635L;2993;5933
4998;918O;8597;6689
4999;657T;0993;6645
5000;997O;2999;5993
